order_id,product_id,customer_id,quantity_ordered,price_each
1,11,9,2,50.0
2,8,49,1,90.0
3,3,8,3,40.0
4,5,37,1,30.0
5,10,19,1,20.0
6,7,45,3,50.0
7,4,15,2,90.0
8,2,43,1,80.0
9,9,27,3,40.0
10,2,22,3,70.0
11,19,28,3,80.0
12,8,31,2,60.0
13,17,15,4,70.0
14,7,25,1,20.0
15,2,36,3,40.0
16,4,20,2,90.0
17,18,32,2,80.0
18,18,22,1,90.0
19,10,41,2,60.0
20,12,4,3,10.0
21,10,34,4,50.0
22,4,4,3,10.0
23,1,23,1,20.0
24,5,29,4,30.0
25,8,25,2,40.0
26,18,50,2,40.0
27,12,30,4,70.0
28,16,26,1,10.0
29,11,29,2,50.0
30,10,24,2,30.0
31,15,50,4,40.0
32,5,45,2,90.0
33,3,35,3,10.0
34,3,8,4,20.0
35,14,9,2,70.0
36,7,21,3,60.0
37,17,49,3,50.0
38,2,46,1,40.0
39,3,41,2,40.0
40,17,45,3,10.0
41,2,18,3,70.0
42,16,17,1,80.0
43,3,17,1,50.0
44,19,35,2,30.0
45,15,12,1,70.0
46,11,6,1,40.0
47,15,18,3,70.0
48,19,21,1,10.0
49,4,15,4,30.0
50,14,20,3,80.0
51,11,11,4,30.0
52,10,4,3,50.0
53,3,44,4,50.0
54,4,48,1,40.0
55,14,44,4,70.0
56,1,35,4,60.0
57,12,19,2,30.0
58,1,34,1,10.0
59,12,26,2,40.0
60,3,29,2,70.0
61,8,1,2,90.0
62,15,32,4,60.0
63,18,20,1,20.0
64,18,38,3,10.0
65,5,1,4,20.0
66,17,37,3,70.0
67,9,21,2,10.0
68,6,3,2,90.0
69,7,19,2,50.0
70,18,35,3,50.0
71,17,15,3,40.0
72,6,18,3,90.0
73,17,40,1,60.0
74,16,19,4,30.0
75,8,48,3,60.0
76,5,13,3,50.0
77,4,38,2,80.0
78,2,47,3,20.0
79,2,40,2,40.0
80,7,11,3,50.0
81,7,47,2,10.0
82,19,7,1,90.0
83,4,1,2,50.0
84,12,21,3,20.0
85,19,45,2,60.0
86,12,10,3,10.0
87,5,1,1,70.0
88,3,27,1,40.0
89,20,41,4,20.0
90,19,9,2,30.0
91,7,15,4,10.0
92,5,10,3,30.0
93,6,29,2,40.0
94,15,20,4,10.0
95,19,21,3,70.0
96,18,8,1,20.0
97,11,2,4,80.0
98,9,11,1,40.0
99,14,10,2,60.0
100,13,34,4,80.0
101,11,3,2,30.0
102,9,25,4,70.0
103,4,17,1,90.0
104,4,1,4,10.0
105,14,47,2,10.0
106,16,35,2,60.0
107,11,41,2,70.0
108,8,14,2,70.0
109,20,18,2,50.0
110,11,27,3,70.0
111,7,6,3,30.0
112,9,23,2,70.0
113,3,39,1,60.0
114,18,21,3,30.0
115,19,10,4,10.0
116,4,16,1,80.0
117,11,31,1,60.0
118,11,19,4,10.0
119,13,32,2,40.0
120,12,30,3,70.0
121,19,30,2,70.0
122,6,47,1,60.0
123,19,22,4,80.0
124,14,28,3,80.0
125,11,19,1,80.0
126,18,41,1,70.0
127,18,22,4,90.0
128,9,36,3,80.0
129,5,11,3,50.0
130,9,50,2,80.0
131,1,50,3,40.0
132,9,43,3,20.0
133,12,26,1,10.0
134,7,50,4,80.0
135,4,5,4,10.0
136,15,29,3,60.0
137,3,36,2,50.0
138,15,22,4,50.0
139,3,44,2,70.0
140,16,25,3,90.0
141,14,13,4,50.0
142,19,23,4,70.0
143,19,24,2,90.0
144,11,20,4,40.0
145,12,8,3,30.0
146,10,19,3,50.0
147,18,30,4,60.0
148,20,7,1,30.0
149,1,32,4,60.0
150,7,20,3,90.0
151,6,9,1,20.0
152,6,33,4,50.0
153,20,32,2,60.0
154,17,36,4,70.0
155,20,30,1,40.0
156,19,37,2,80.0
157,4,38,3,50.0
158,19,8,1,60.0
159,20,43,3,10.0
160,20,40,3,10.0
161,4,7,3,80.0
162,1,15,3,10.0
163,9,44,1,10.0
164,4,29,3,70.0
165,15,4,1,30.0
166,20,12,3,10.0
167,12,45,4,30.0
168,17,10,3,40.0
169,6,44,3,80.0
170,11,4,2,80.0
171,12,35,4,70.0
172,12,40,2,50.0
173,8,46,3,20.0
174,4,19,1,80.0
175,10,29,3,60.0
176,4,25,2,40.0
177,13,42,4,20.0
178,1,9,1,90.0
179,6,16,3,80.0
180,7,15,2,80.0
181,5,21,3,80.0
182,11,41,1,30.0
183,14,23,1,20.0
184,2,39,4,30.0
185,10,43,1,20.0
186,13,42,1,10.0
187,8,24,2,50.0
188,11,30,4,80.0
189,3,9,2,40.0
190,18,19,1,50.0
191,12,44,3,80.0
192,4,13,1,20.0
193,13,24,3,60.0
194,4,43,3,50.0
195,17,15,1,40.0
196,19,27,3,50.0
197,5,5,2,60.0
198,1,49,2,20.0
199,12,13,4,30.0
200,13,13,4,10.0
201,11,1,4,30.0
202,20,46,1,40.0
203,13,15,1,30.0
204,1,43,2,40.0
205,18,31,4,50.0
206,3,36,4,10.0
207,20,25,1,50.0
208,17,27,4,10.0
209,17,29,3,30.0
210,13,19,2,60.0
211,15,6,3,90.0
212,4,26,2,30.0
213,19,20,4,40.0
214,19,30,1,80.0
215,9,24,1,40.0
216,8,6,2,60.0
217,4,9,2,30.0
218,14,21,4,80.0
219,18,5,3,70.0
220,3,28,1,50.0
221,15,27,4,80.0
222,13,36,2,30.0
223,7,13,2,30.0
224,13,36,4,80.0
225,9,25,4,30.0
226,8,11,3,60.0
227,15,2,3,40.0
228,6,45,3,20.0
229,14,12,1,30.0
230,4,50,3,60.0
231,19,3,1,30.0
232,10,39,1,70.0
233,3,7,3,80.0
234,15,15,3,10.0
235,19,2,3,50.0
236,12,34,2,80.0
237,12,40,1,20.0
238,11,12,4,20.0
239,12,15,2,40.0
240,1,43,4,70.0
241,12,36,2,50.0
242,4,49,2,90.0
243,19,13,3,90.0
244,15,22,1,70.0
245,10,25,4,10.0
246,4,40,4,70.0
247,1,16,4,40.0
248,15,49,2,70.0
249,2,6,3,70.0
250,9,19,1,70.0
251,20,24,1,40.0
252,11,19,1,30.0
253,10,13,3,10.0
254,4,47,2,10.0
255,4,33,3,30.0
256,1,6,2,20.0
257,5,12,3,10.0
258,20,38,3,10.0
259,14,43,2,60.0
260,2,39,4,70.0
261,3,18,1,60.0
262,19,42,4,40.0
263,11,7,3,70.0
264,7,41,3,50.0
265,13,42,3,90.0
266,13,29,4,90.0
267,16,44,1,30.0
268,17,33,2,10.0
269,18,36,3,50.0
270,1,46,1,80.0
271,12,32,1,20.0
272,9,29,1,70.0
273,5,9,3,70.0
274,13,2,4,20.0
275,3,29,3,90.0
276,6,20,1,50.0
277,9,45,1,60.0
278,3,42,2,70.0
279,7,30,4,90.0
280,3,31,1,80.0
281,9,42,4,30.0
282,19,41,2,30.0
283,8,37,4,50.0
284,11,45,2,30.0
285,9,5,4,30.0
286,9,1,1,90.0
287,10,33,2,50.0
288,8,8,3,20.0
289,14,45,3,90.0
290,17,38,1,90.0
291,10,29,2,70.0
292,18,31,3,90.0
293,16,8,4,80.0
294,6,10,4,70.0
295,18,14,1,90.0
296,19,23,2,90.0
297,4,38,2,80.0
298,10,26,1,60.0
299,15,28,1,70.0
300,17,18,4,60.0
301,17,7,2,10.0
302,2,37,3,90.0
303,8,46,4,80.0
304,14,4,2,90.0
305,1,37,4,30.0
306,11,40,3,60.0
307,20,28,1,90.0
308,17,43,4,70.0
309,11,40,4,20.0
310,11,21,1,40.0
311,16,1,2,60.0
312,8,48,1,40.0
313,14,33,2,40.0
314,19,49,4,80.0
315,15,40,3,70.0
316,17,26,1,70.0
317,19,2,3,30.0
318,8,13,2,40.0
319,13,43,2,90.0
320,2,48,2,60.0
321,18,47,2,40.0
322,7,19,4,90.0
323,16,8,4,80.0
324,2,10,1,50.0
325,7,30,3,20.0
326,7,46,2,10.0
327,4,47,3,70.0
328,18,45,2,60.0
329,10,25,4,30.0
330,11,42,4,80.0
331,13,35,1,30.0
332,8,16,2,60.0
333,15,44,2,10.0
334,20,18,3,10.0
335,15,18,4,50.0
336,13,27,2,10.0
337,10,10,4,20.0
338,6,36,2,10.0
339,5,4,1,50.0
340,17,29,2,20.0
341,15,1,4,90.0
342,16,30,1,90.0
343,19,4,3,30.0
344,2,6,2,80.0
345,1,1,1,90.0
346,3,13,3,20.0
347,13,5,1,60.0
348,8,23,2,70.0
349,7,36,4,20.0
350,12,49,2,50.0
351,18,11,1,60.0
352,17,44,4,60.0
353,8,23,1,90.0
354,9,20,4,60.0
355,11,39,4,60.0
356,8,25,1,60.0
357,5,19,4,40.0
358,2,33,4,20.0
359,4,40,4,20.0
360,17,47,4,80.0
361,20,50,1,50.0
362,9,8,2,40.0
363,11,32,4,60.0
364,3,11,1,30.0
365,20,16,4,50.0
366,14,36,1,80.0
367,9,25,1,80.0
368,7,34,1,40.0
369,7,27,3,60.0
370,7,11,2,30.0
371,17,7,2,20.0
372,19,11,1,50.0
373,3,28,2,60.0
374,17,49,1,80.0
375,14,14,1,20.0
376,12,29,4,60.0
377,8,18,4,50.0
378,11,15,1,80.0
379,19,17,3,10.0
380,2,12,3,20.0
381,9,33,2,10.0
382,14,9,4,40.0
383,17,21,2,60.0
384,5,50,1,90.0
385,4,2,3,10.0
386,18,49,3,40.0
387,13,20,2,30.0
388,18,17,2,80.0
389,14,12,3,20.0
390,19,43,3,60.0
391,2,7,4,20.0
392,12,31,4,30.0
393,16,8,4,50.0
394,2,44,1,20.0
395,12,35,4,80.0
396,7,32,3,40.0
397,8,26,3,90.0
398,4,32,4,50.0
399,13,37,4,90.0
400,16,7,1,60.0
401,15,18,1,80.0
402,6,29,4,50.0
403,1,10,4,20.0
404,12,35,1,40.0
405,2,30,4,50.0
406,13,22,2,80.0
407,18,12,1,40.0
408,16,34,1,50.0
409,2,19,4,90.0
410,7,33,4,30.0
411,12,27,3,60.0
412,1,8,1,90.0
413,3,44,1,80.0
414,5,43,2,50.0
415,17,33,1,80.0
416,15,18,1,20.0
417,18,14,4,20.0
418,14,44,2,70.0
419,2,46,1,90.0
420,6,20,2,50.0
421,14,34,1,80.0
422,18,21,4,80.0
423,3,31,2,10.0
424,7,26,1,40.0
425,4,46,2,90.0
426,18,16,3,20.0
427,20,39,1,80.0
428,12,44,3,90.0
429,9,23,3,50.0
430,18,5,4,80.0
431,19,50,4,20.0
432,10,35,3,80.0
433,18,18,3,90.0
434,2,17,1,80.0
435,17,1,3,70.0
436,19,4,4,70.0
437,17,34,2,70.0
438,13,44,2,40.0
439,14,45,4,20.0
440,4,44,3,80.0
441,1,17,2,70.0
442,19,34,3,60.0
443,11,9,4,30.0
444,16,45,3,80.0
445,19,27,2,70.0
446,18,42,1,70.0
447,11,27,3,70.0
448,14,9,3,70.0
449,11,41,4,90.0
450,4,48,3,80.0
451,5,25,3,90.0
452,13,9,4,70.0
453,17,2,3,90.0
454,4,22,1,30.0
455,12,18,1,30.0
456,19,23,1,80.0
457,19,14,1,70.0
458,2,28,2,60.0
459,2,35,4,80.0
460,3,36,3,30.0
461,5,41,2,60.0
462,18,17,4,20.0
463,14,43,3,80.0
464,16,24,3,20.0
465,12,39,4,70.0
466,5,15,1,50.0
467,6,49,4,70.0
468,8,47,4,60.0
469,6,22,4,70.0
470,16,18,3,90.0
471,2,17,2,90.0
472,17,21,3,60.0
473,4,26,4,70.0
474,6,42,1,40.0
475,18,48,4,90.0
476,17,8,2,80.0
477,7,49,4,40.0
478,17,39,4,60.0
479,13,18,2,90.0
480,10,6,3,80.0
481,6,9,3,70.0
482,19,14,2,60.0
483,10,6,4,70.0
484,20,39,1,30.0
485,2,20,4,60.0
486,16,34,4,10.0
487,19,38,4,70.0
488,15,40,4,30.0
489,1,9,1,30.0
490,4,32,1,90.0
491,11,12,3,20.0
492,14,50,3,10.0
493,16,20,3,10.0
494,13,8,2,40.0
495,14,49,2,90.0
496,20,21,3,30.0
497,3,32,3,20.0
498,5,19,2,10.0
499,9,7,4,50.0
500,19,23,4,90.0
501,19,3,3,40.0
502,19,3,2,50.0
503,3,24,1,50.0
504,18,3,4,70.0
505,6,5,2,90.0
506,11,13,1,90.0
507,6,14,2,70.0
508,16,4,1,40.0
509,14,29,4,10.0
510,4,21,3,20.0
511,18,25,3,10.0
512,14,3,1,90.0
513,18,50,1,90.0
514,17,45,3,40.0
515,13,16,4,40.0
516,12,48,1,40.0
517,8,26,4,10.0
518,14,32,4,60.0
519,12,42,1,40.0
520,9,17,3,20.0
521,17,38,1,30.0
522,19,36,3,70.0
523,9,40,1,60.0
524,2,34,4,10.0
525,19,4,3,60.0
526,4,21,4,60.0
527,15,42,1,30.0
528,15,44,1,80.0
529,6,24,2,10.0
530,2,5,2,30.0
531,10,6,2,10.0
532,3,44,3,20.0
533,20,25,1,30.0
534,11,13,4,70.0
535,17,34,1,90.0
536,8,50,2,40.0
537,7,36,3,40.0
538,5,36,1,40.0
539,14,16,1,30.0
540,9,29,2,70.0
541,13,18,4,70.0
542,19,15,4,80.0
543,11,2,3,10.0
544,8,1,2,30.0
545,6,26,3,60.0
546,20,4,3,20.0
547,19,17,4,20.0
548,9,24,3,60.0
549,18,11,4,20.0
550,9,8,2,40.0
551,8,49,4,90.0
552,16,22,4,30.0
553,7,23,4,30.0
554,15,38,1,20.0
555,1,22,2,70.0
556,12,37,4,80.0
557,15,34,2,60.0
558,18,37,1,20.0
559,19,2,2,60.0
560,18,41,3,90.0
561,3,46,2,60.0
562,8,35,2,60.0
563,11,27,3,50.0
564,20,27,1,10.0
565,10,26,4,90.0
566,4,47,3,10.0
567,17,9,1,30.0
568,7,45,3,90.0
569,5,1,4,90.0
570,18,41,4,70.0
571,11,1,3,80.0
572,7,18,2,30.0
573,16,16,2,70.0
574,17,49,2,80.0
575,5,29,2,20.0
576,8,43,1,50.0
577,2,44,4,40.0
578,16,16,3,40.0
579,5,46,3,30.0
580,2,36,3,80.0
581,2,41,1,90.0
582,4,19,2,50.0
583,13,15,1,40.0
584,12,17,2,10.0
585,7,19,2,60.0
586,12,43,4,80.0
587,1,13,1,80.0
588,12,13,2,60.0
589,14,30,1,60.0
590,5,35,4,20.0
591,18,33,1,30.0
592,20,31,1,10.0
593,2,29,2,40.0
594,19,32,4,70.0
595,17,32,1,50.0
596,3,10,1,50.0
597,8,8,4,80.0
598,20,31,4,20.0
599,14,28,1,20.0
600,13,15,2,60.0
601,15,32,3,10.0
602,10,32,1,20.0
603,7,33,1,50.0
604,12,33,3,20.0
605,2,44,2,70.0
606,6,38,2,50.0
607,7,44,4,20.0
608,17,35,1,80.0
609,20,39,2,10.0
610,7,6,2,30.0
611,3,44,2,10.0
612,6,50,4,90.0
613,13,31,1,60.0
614,20,28,4,30.0
615,8,47,1,40.0
616,18,26,3,20.0
617,17,32,1,40.0
618,15,1,3,40.0
619,14,14,2,90.0
620,17,17,2,80.0
621,4,8,4,60.0
622,15,40,3,10.0
623,9,21,1,10.0
624,2,45,4,50.0
625,7,33,1,90.0
626,13,33,1,30.0
627,10,19,3,60.0
628,14,7,4,10.0
629,6,49,1,30.0
630,9,3,4,80.0
631,18,6,4,70.0
632,10,34,2,80.0
633,3,42,2,70.0
634,14,18,3,40.0
635,10,44,1,20.0
636,3,41,4,90.0
637,9,28,2,70.0
638,19,12,4,70.0
639,7,36,3,70.0
640,8,28,4,80.0
641,4,32,4,40.0
642,12,13,1,40.0
643,16,31,3,90.0
644,4,45,3,80.0
645,6,50,2,80.0
646,16,19,4,60.0
647,10,32,1,50.0
648,18,32,2,70.0
649,11,19,2,90.0
650,12,3,1,70.0
651,7,50,1,90.0
652,20,35,3,70.0
653,18,41,3,90.0
654,14,41,2,70.0
655,17,40,3,70.0
656,10,22,2,30.0
657,9,37,2,60.0
658,13,5,4,80.0
659,19,46,2,70.0
660,17,19,2,60.0
661,12,19,4,30.0
662,13,41,2,60.0
663,10,25,4,30.0
664,10,14,3,10.0
665,9,15,1,90.0
666,9,50,2,70.0
667,14,24,3,50.0
668,11,16,1,90.0
669,15,23,4,30.0
670,7,37,4,10.0
671,15,40,3,70.0
672,9,50,2,70.0
673,8,13,2,50.0
674,2,12,2,70.0
675,11,24,4,80.0
676,16,38,2,10.0
677,11,17,1,90.0
678,11,17,3,70.0
679,9,24,1,80.0
680,17,27,4,60.0
681,11,37,4,70.0
682,9,41,4,20.0
683,2,40,4,20.0
684,13,8,2,80.0
685,4,37,3,80.0
686,20,37,4,30.0
687,17,38,4,80.0
688,6,31,2,60.0
689,8,40,3,70.0
690,14,12,3,90.0
691,11,28,1,10.0
692,3,5,3,30.0
693,2,44,2,20.0
694,9,9,2,30.0
695,14,45,3,20.0
696,16,24,2,10.0
697,13,47,4,80.0
698,11,22,3,80.0
699,2,11,1,90.0
700,19,47,4,70.0
701,1,9,1,40.0
702,3,36,2,70.0
703,16,45,3,30.0
704,7,50,3,90.0
705,4,29,2,40.0
706,5,29,3,90.0
707,3,3,1,80.0
708,14,18,4,70.0
709,13,22,4,40.0
710,13,1,2,30.0
711,3,1,3,80.0
712,10,11,1,20.0
713,11,14,4,80.0
714,5,29,3,50.0
715,3,40,4,40.0
716,9,4,1,40.0
717,19,3,3,30.0
718,18,12,4,40.0
719,18,33,4,50.0
720,19,16,3,90.0
721,10,49,2,10.0
722,5,16,4,50.0
723,1,47,3,30.0
724,8,37,4,80.0
725,18,14,2,50.0
726,13,15,4,20.0
727,18,12,1,30.0
728,11,43,3,10.0
729,12,22,2,90.0
730,6,24,1,30.0
731,13,41,1,10.0
732,13,5,1,10.0
733,7,33,1,60.0
734,10,24,2,90.0
735,17,43,4,50.0
736,11,7,2,90.0
737,14,12,3,30.0
738,12,40,4,80.0
739,4,42,2,80.0
740,7,12,1,10.0
741,13,46,2,70.0
742,16,32,1,30.0
743,2,5,1,80.0
744,15,31,2,30.0
745,20,36,1,30.0
746,6,14,4,50.0
747,6,44,2,30.0
748,4,6,2,10.0
749,2,40,2,40.0
750,10,26,1,80.0
751,19,25,2,50.0
752,12,16,3,90.0
753,18,21,1,70.0
754,10,21,4,20.0
755,1,30,1,90.0
756,4,23,3,30.0
757,1,13,4,20.0
758,9,7,4,50.0
759,20,46,3,10.0
760,10,3,3,10.0
761,8,32,1,40.0
762,11,29,3,40.0
763,19,39,1,60.0
764,6,12,3,70.0
765,15,20,2,80.0
766,7,7,2,50.0
767,7,22,1,30.0
768,1,39,1,10.0
769,20,47,3,10.0
770,11,32,2,20.0
771,16,26,3,40.0
772,10,9,1,10.0
773,12,47,2,80.0
774,11,20,2,50.0
775,11,20,1,60.0
776,13,8,1,40.0
777,18,10,3,10.0
778,8,18,4,70.0
779,9,44,2,30.0
780,8,19,1,80.0
781,9,47,1,70.0
782,13,33,2,90.0
783,10,1,4,70.0
784,5,44,4,30.0
785,10,24,4,30.0
786,13,35,3,20.0
787,18,44,4,50.0
788,1,46,3,30.0
789,6,34,3,80.0
790,10,45,4,50.0
791,1,11,3,40.0
792,4,41,3,40.0
793,13,39,1,20.0
794,15,34,1,50.0
795,1,42,2,50.0
796,11,40,4,20.0
797,5,20,1,60.0
798,1,11,4,30.0
799,7,9,3,30.0
800,15,36,2,70.0
801,11,28,2,40.0
802,7,41,2,30.0
803,13,31,2,70.0
804,9,38,2,70.0
805,5,21,3,50.0
806,15,11,3,50.0
807,5,21,3,30.0
808,20,14,3,30.0
809,17,21,4,40.0
810,18,19,1,80.0
811,13,42,2,90.0
812,19,16,2,40.0
813,4,40,4,30.0
814,8,4,1,10.0
815,16,45,1,50.0
816,8,37,2,60.0
817,15,8,2,10.0
818,6,47,4,50.0
819,15,14,3,80.0
820,8,26,4,20.0
821,18,12,4,30.0
822,16,35,3,80.0
823,7,2,4,50.0
824,20,7,1,20.0
825,12,46,1,70.0
826,20,20,3,40.0
827,3,22,4,30.0
828,7,13,1,40.0
829,18,50,3,10.0
830,5,2,2,70.0
831,9,40,3,90.0
832,13,21,4,60.0
833,20,8,1,80.0
834,1,14,4,60.0
835,15,16,3,30.0
836,19,9,1,60.0
837,20,10,2,50.0
838,16,4,1,20.0
839,4,21,4,70.0
840,3,34,4,80.0
841,9,34,2,10.0
842,13,15,1,20.0
843,7,43,3,80.0
844,15,35,1,40.0
845,10,5,3,70.0
846,6,23,1,20.0
847,10,27,4,70.0
848,4,11,4,10.0
849,12,4,4,90.0
850,3,8,1,80.0
851,13,9,1,10.0
852,2,26,4,90.0
853,6,45,1,90.0
854,8,22,1,40.0
855,17,30,1,60.0
856,8,13,4,80.0
857,11,26,2,50.0
858,9,7,1,10.0
859,9,5,3,30.0
860,19,10,2,60.0
861,8,7,1,50.0
862,17,45,3,90.0
863,8,21,3,60.0
864,8,16,2,80.0
865,14,50,4,40.0
866,6,17,2,20.0
867,17,4,3,50.0
868,3,35,2,10.0
869,3,7,4,60.0
870,17,43,4,90.0
871,18,29,3,80.0
872,16,16,4,40.0
873,18,13,3,80.0
874,2,36,3,20.0
875,7,39,3,50.0
876,4,9,3,40.0
877,17,29,1,40.0
878,18,29,2,80.0
879,6,19,2,80.0
880,7,3,3,20.0
881,13,37,4,10.0
882,9,48,4,80.0
883,17,8,1,10.0
884,3,50,4,70.0
885,6,15,4,50.0
886,11,26,1,10.0
887,2,6,2,30.0
888,4,45,3,10.0
889,11,38,4,10.0
890,4,42,4,50.0
891,19,1,1,20.0
892,12,50,3,80.0
893,6,18,1,60.0
894,19,22,2,10.0
895,18,7,4,30.0
896,12,20,3,40.0
897,13,24,1,70.0
898,18,26,2,40.0
899,15,15,2,60.0
900,11,32,1,10.0
901,13,19,2,10.0
902,16,37,1,60.0
903,5,15,4,20.0
904,6,15,2,20.0
905,17,2,1,10.0
906,19,10,3,40.0
907,19,34,3,30.0
908,4,6,1,20.0
909,14,50,1,30.0
910,4,42,2,50.0
911,2,49,1,40.0
912,15,25,1,90.0
913,13,16,4,10.0
914,17,13,2,50.0
915,18,43,1,20.0
916,3,24,3,30.0
917,2,19,1,50.0
918,9,7,1,90.0
919,3,2,2,10.0
920,16,7,3,80.0
921,10,34,2,70.0
922,11,1,1,80.0
923,19,43,1,60.0
924,12,12,1,40.0
925,14,47,3,30.0
926,1,12,1,50.0
927,14,21,2,90.0
928,17,34,3,50.0
929,9,14,1,90.0
930,13,42,1,50.0
931,5,24,4,10.0
932,1,39,1,60.0
933,6,7,2,50.0
934,19,46,1,30.0
935,19,13,4,30.0
936,15,21,2,60.0
937,4,3,3,50.0
938,12,50,3,40.0
939,15,19,3,70.0
940,14,27,3,80.0
941,19,9,3,50.0
942,16,42,3,40.0
943,6,19,2,40.0
944,15,12,1,20.0
945,8,1,4,60.0
946,14,23,2,10.0
947,6,6,2,30.0
948,5,28,3,10.0
949,18,22,1,30.0
950,20,4,3,20.0
951,9,15,1,70.0
952,10,43,2,40.0
953,13,25,1,60.0
954,6,44,2,80.0
955,5,2,1,80.0
956,6,50,1,90.0
957,13,20,2,30.0
958,10,18,3,90.0
959,3,46,1,80.0
960,13,33,4,60.0
961,20,28,2,80.0
962,13,15,3,50.0
963,12,18,3,50.0
964,9,21,4,50.0
965,5,23,3,20.0
966,6,32,3,40.0
967,8,14,4,20.0
968,20,26,2,20.0
969,19,34,4,90.0
970,2,46,4,70.0
971,12,41,2,50.0
972,8,16,1,90.0
973,8,4,1,30.0
974,20,6,2,90.0
975,11,21,1,20.0
976,12,9,3,10.0
977,7,20,1,50.0
978,5,1,3,60.0
979,11,22,1,70.0
980,12,13,4,40.0
981,10,18,3,20.0
982,12,21,4,30.0
983,6,8,2,70.0
984,4,4,2,60.0
985,8,6,2,70.0
986,5,23,2,70.0
987,8,4,2,90.0
988,13,21,4,50.0
989,18,8,4,60.0
990,8,34,1,40.0
991,16,16,3,80.0
992,2,4,1,40.0
993,2,9,2,20.0
994,18,14,1,10.0
995,19,34,3,70.0
996,16,29,1,30.0
997,6,1,2,90.0
998,2,27,2,80.0
999,9,29,1,70.0
1000,13,5,1,80.0
1001,14,19,2,70.0
1002,11,36,3,70.0
1003,3,45,4,50.0
1004,19,13,1,40.0
1005,14,20,1,50.0
1006,17,42,2,60.0
1007,7,26,3,30.0
1008,6,16,2,90.0
1009,19,12,1,70.0
1010,16,42,2,10.0
1011,7,47,4,20.0
1012,20,31,3,20.0
1013,3,6,2,20.0
1014,13,27,1,60.0
1015,6,7,4,30.0
1016,2,16,2,50.0
1017,10,39,2,80.0
1018,5,9,1,80.0
1019,1,10,1,50.0
1020,20,37,1,20.0
1021,9,20,1,60.0
1022,18,33,1,80.0
1023,3,18,2,90.0
1024,8,34,3,50.0
1025,9,14,2,80.0
1026,12,7,3,80.0
1027,18,46,2,70.0
1028,16,1,2,60.0
1029,20,9,2,30.0
1030,17,27,4,10.0
1031,3,14,3,20.0
1032,8,13,3,10.0
1033,19,7,4,90.0
1034,4,26,1,70.0
1035,3,29,3,30.0
1036,5,9,3,50.0
1037,2,27,4,70.0
1038,3,11,2,30.0
1039,19,50,1,20.0
1040,1,40,1,20.0
1041,18,22,1,10.0
1042,5,38,1,60.0
1043,3,23,3,50.0
1044,4,9,3,60.0
1045,12,3,3,70.0
1046,7,13,2,40.0
1047,4,3,2,20.0
1048,16,2,3,20.0
1049,15,34,4,70.0
1050,18,50,4,90.0
1051,18,26,2,90.0
1052,6,10,2,30.0
1053,1,21,1,60.0
1054,5,49,1,40.0
1055,7,38,4,60.0
1056,2,10,1,90.0
1057,11,50,4,50.0
1058,10,37,2,50.0
1059,16,9,4,60.0
1060,19,43,1,80.0
1061,11,16,1,30.0
1062,2,35,4,10.0
1063,18,38,3,70.0
1064,1,35,1,90.0
1065,6,8,2,70.0
1066,3,5,1,10.0
1067,4,38,4,70.0
1068,3,16,3,10.0
1069,12,37,2,90.0
1070,9,39,2,30.0
1071,19,2,2,30.0
1072,7,31,1,90.0
1073,16,23,2,20.0
1074,18,41,2,60.0
1075,3,46,1,90.0
1076,20,3,4,50.0
1077,8,33,2,50.0
1078,14,11,1,40.0
1079,9,43,3,70.0
1080,12,50,2,70.0
1081,10,30,1,50.0
1082,6,32,3,30.0
1083,16,35,3,30.0
1084,7,13,3,60.0
1085,7,25,3,20.0
1086,6,26,2,90.0
1087,18,13,2,80.0
1088,9,1,4,80.0
1089,18,40,4,90.0
1090,11,1,2,10.0
1091,17,37,3,40.0
1092,20,18,4,90.0
1093,20,45,1,10.0
1094,18,16,4,30.0
1095,8,21,4,70.0
1096,13,25,3,40.0
1097,6,7,3,60.0
1098,2,50,4,60.0
1099,2,48,3,60.0
1100,7,47,1,80.0
1101,19,25,3,30.0
1102,19,33,1,30.0
1103,8,43,3,20.0
1104,17,49,3,80.0
1105,20,40,2,80.0
1106,14,18,1,80.0
1107,12,26,3,10.0
1108,14,50,4,10.0
1109,13,29,3,20.0
1110,2,44,3,80.0
1111,14,32,3,10.0
1112,5,35,2,90.0
1113,2,42,3,30.0
1114,1,39,1,70.0
1115,20,2,3,90.0
1116,5,7,1,30.0
1117,2,38,4,70.0
1118,1,10,2,10.0
1119,13,12,3,20.0
1120,8,26,1,40.0
1121,8,18,1,70.0
1122,5,44,4,40.0
1123,10,6,1,80.0
1124,3,31,3,90.0
1125,3,9,2,20.0
1126,7,12,1,70.0
1127,8,42,3,30.0
1128,8,39,1,80.0
1129,19,43,1,20.0
1130,16,37,4,80.0
1131,12,41,3,60.0
1132,11,5,4,70.0
1133,6,1,4,70.0
1134,15,41,1,50.0
1135,18,6,3,90.0
1136,5,36,4,20.0
1137,7,34,4,20.0
1138,15,23,1,10.0
1139,6,5,2,30.0
1140,10,13,3,50.0
1141,1,5,2,70.0
1142,15,26,3,10.0
1143,1,14,3,80.0
1144,10,47,1,20.0
1145,3,34,1,70.0
1146,5,27,1,90.0
1147,15,15,4,60.0
1148,3,7,2,50.0
1149,10,45,4,20.0
1150,2,10,3,90.0
1151,10,47,3,40.0
1152,9,50,4,20.0
1153,5,15,4,70.0
1154,13,3,2,10.0
1155,1,36,3,60.0
1156,9,49,2,20.0
1157,8,35,1,70.0
1158,4,29,1,90.0
1159,15,37,2,60.0
1160,16,33,2,20.0
1161,5,7,4,90.0
1162,5,43,3,90.0
1163,13,28,2,90.0
1164,14,29,3,60.0
1165,8,33,1,10.0
1166,10,49,1,80.0
1167,14,34,2,10.0
1168,8,42,3,60.0
1169,18,41,4,50.0
1170,8,10,4,90.0
1171,18,8,4,10.0
1172,16,4,3,10.0
1173,20,26,3,50.0
1174,10,26,4,30.0
1175,6,19,3,70.0
1176,12,8,3,80.0
1177,10,32,1,50.0
1178,2,12,1,50.0
1179,17,36,4,50.0
1180,9,28,1,90.0
1181,12,7,1,40.0
1182,20,28,4,50.0
1183,15,10,3,30.0
1184,2,11,4,60.0
1185,9,30,1,40.0
1186,18,35,3,90.0
1187,18,26,1,90.0
1188,5,7,1,60.0
1189,20,24,4,50.0
1190,9,16,2,50.0
1191,20,18,2,30.0
1192,19,29,2,30.0
1193,16,22,1,40.0
1194,2,24,4,50.0
1195,18,35,2,40.0
1196,16,25,4,10.0
1197,20,43,2,60.0
1198,9,34,3,40.0
1199,11,10,4,60.0
1200,9,16,3,90.0
1201,5,33,2,70.0
1202,8,30,3,60.0
1203,5,14,4,40.0
1204,4,45,1,70.0
1205,7,12,1,80.0
1206,2,1,4,50.0
1207,18,34,4,60.0
1208,18,16,1,40.0
1209,19,36,4,30.0
1210,4,48,2,80.0
1211,8,25,4,80.0
1212,11,34,4,40.0
1213,17,8,2,60.0
1214,8,3,4,10.0
1215,6,27,2,30.0
1216,19,35,4,30.0
1217,4,7,1,90.0
1218,1,20,3,20.0
1219,6,1,4,50.0
1220,10,9,2,70.0
1221,5,23,3,10.0
1222,1,17,2,20.0
1223,2,38,3,70.0
1224,13,41,1,20.0
1225,13,27,3,50.0
1226,17,49,2,90.0
1227,2,14,3,60.0
1228,8,21,2,10.0
1229,19,35,3,10.0
1230,13,27,3,10.0
1231,12,6,2,70.0
1232,17,29,2,10.0
1233,18,4,4,70.0
1234,13,2,3,30.0
1235,15,35,4,80.0
1236,16,10,1,50.0
1237,1,39,1,30.0
1238,2,36,4,30.0
1239,20,47,3,20.0
1240,10,21,2,20.0
1241,11,19,4,80.0
1242,18,29,3,30.0
1243,6,6,4,50.0
1244,14,3,4,80.0
1245,8,32,3,90.0
1246,20,27,2,40.0
1247,12,39,2,90.0
1248,13,37,2,30.0
1249,12,14,1,80.0
1250,3,33,4,40.0
1251,9,38,4,40.0
1252,7,37,4,70.0
1253,18,36,1,60.0
1254,18,10,3,90.0
1255,8,29,4,40.0
1256,17,36,4,70.0
1257,20,6,1,30.0
1258,12,32,3,10.0
1259,14,31,1,10.0
1260,5,27,1,90.0
1261,20,16,4,60.0
1262,18,12,4,30.0
1263,16,49,1,70.0
1264,17,20,4,40.0
1265,9,28,4,30.0
1266,18,4,4,20.0
1267,18,8,2,50.0
1268,11,33,1,40.0
1269,12,45,4,40.0
1270,15,38,2,70.0
1271,10,14,4,20.0
1272,15,14,4,50.0
1273,7,29,4,10.0
1274,9,31,2,80.0
1275,5,27,3,20.0
1276,13,16,4,40.0
1277,6,13,1,20.0
1278,14,38,4,60.0
1279,9,9,4,40.0
1280,20,15,1,80.0
1281,12,43,1,10.0
1282,7,49,1,60.0
1283,8,39,2,40.0
1284,6,36,4,70.0
1285,6,15,4,60.0
1286,4,3,1,90.0
1287,12,4,1,50.0
1288,19,20,1,20.0
1289,4,28,1,20.0
1290,6,31,3,90.0
1291,15,22,4,10.0
1292,19,39,1,90.0
1293,1,28,4,40.0
1294,4,8,3,10.0
1295,17,45,1,90.0
1296,1,3,1,40.0
1297,2,34,1,20.0
1298,3,46,4,30.0
1299,12,42,1,30.0
1300,9,14,4,50.0
1301,9,5,3,60.0
1302,3,6,4,90.0
1303,12,3,4,50.0
1304,14,21,1,20.0
1305,14,24,3,70.0
1306,5,6,4,80.0
1307,14,29,3,30.0
1308,13,23,2,40.0
1309,13,44,1,80.0
1310,17,47,4,30.0
1311,13,48,4,20.0
1312,5,43,4,30.0
1313,14,30,3,20.0
1314,18,38,3,50.0
1315,2,22,3,30.0
1316,10,29,4,80.0
1317,12,18,1,20.0
1318,5,48,3,20.0
1319,16,13,2,50.0
1320,18,31,4,30.0
1321,9,3,3,80.0
1322,9,31,1,10.0
1323,11,29,2,80.0
1324,15,41,3,60.0
1325,9,16,1,20.0
1326,8,46,4,90.0
1327,1,39,2,70.0
1328,6,19,1,60.0
1329,2,47,2,30.0
1330,19,6,3,60.0
1331,18,25,1,60.0
1332,11,4,3,10.0
1333,3,47,4,90.0
1334,16,30,3,90.0
1335,19,21,2,50.0
1336,1,21,1,40.0
1337,16,2,2,10.0
1338,19,12,2,60.0
1339,3,41,2,50.0
1340,8,22,1,70.0
1341,3,13,1,40.0
1342,5,18,2,70.0
1343,1,24,3,20.0
1344,3,35,3,80.0
1345,20,34,3,50.0
1346,7,49,1,10.0
1347,19,49,4,90.0
1348,18,26,4,30.0
1349,14,44,3,90.0
1350,9,11,3,60.0
1351,13,14,1,60.0
1352,14,28,4,70.0
1353,4,6,4,40.0
1354,17,13,4,70.0
1355,6,49,4,40.0
1356,14,50,4,70.0
1357,2,9,1,90.0
1358,11,17,1,60.0
1359,15,11,3,50.0
1360,10,3,4,50.0
1361,18,13,3,70.0
1362,7,22,4,40.0
1363,2,26,3,10.0
1364,3,49,4,20.0
1365,17,45,1,80.0
1366,13,7,4,10.0
1367,12,9,3,10.0
1368,7,43,3,20.0
1369,5,8,4,20.0
1370,6,34,1,60.0
1371,7,9,3,30.0
1372,17,46,2,10.0
1373,10,3,4,90.0
1374,18,5,4,30.0
1375,2,36,1,60.0
1376,9,31,1,70.0
1377,20,13,1,80.0
1378,1,36,3,60.0
1379,11,13,3,40.0
1380,16,22,1,20.0
1381,2,32,4,70.0
1382,11,41,3,30.0
1383,12,30,4,20.0
1384,6,50,2,10.0
1385,8,27,1,30.0
1386,3,3,2,60.0
1387,19,29,1,90.0
1388,19,34,1,50.0
1389,15,50,3,80.0
1390,14,35,1,20.0
1391,17,7,2,20.0
1392,17,32,1,80.0
1393,3,30,2,50.0
1394,9,19,3,50.0
1395,7,16,4,60.0
1396,13,47,3,90.0
1397,2,8,4,50.0
1398,10,24,3,20.0
1399,16,12,4,70.0
1400,13,47,4,90.0
1401,16,46,1,60.0
1402,12,49,2,70.0
1403,16,45,1,70.0
1404,19,17,1,80.0
1405,10,16,4,20.0
1406,19,28,1,90.0
1407,14,45,2,40.0
1408,17,3,3,70.0
1409,12,22,2,60.0
1410,13,21,1,40.0
1411,16,43,1,70.0
1412,4,24,1,30.0
1413,18,48,2,80.0
1414,1,29,2,70.0
1415,11,50,4,90.0
1416,13,17,2,60.0
1417,11,50,4,90.0
1418,17,45,3,90.0
1419,9,2,1,20.0
1420,6,26,4,10.0
1421,18,23,3,30.0
1422,15,43,2,60.0
1423,19,49,3,60.0
1424,5,5,4,90.0
1425,12,7,3,30.0
1426,7,40,3,20.0
1427,12,28,2,70.0
1428,4,12,4,40.0
1429,14,26,2,80.0
1430,12,16,2,30.0
1431,8,26,4,30.0
1432,9,31,2,80.0
1433,17,2,3,30.0
1434,14,50,4,90.0
1435,2,36,3,70.0
1436,6,24,4,10.0
1437,13,34,1,90.0
1438,14,2,1,20.0
1439,7,39,1,40.0
1440,20,50,1,70.0
1441,17,42,2,60.0
1442,18,26,3,80.0
1443,6,45,4,70.0
1444,10,10,1,20.0
1445,20,43,1,50.0
1446,10,40,4,10.0
1447,7,44,1,50.0
1448,7,44,1,60.0
1449,20,17,1,30.0
1450,20,34,2,60.0
1451,14,18,1,60.0
1452,2,19,1,80.0
1453,16,4,3,20.0
1454,5,31,2,10.0
1455,18,18,1,50.0
1456,16,47,3,50.0
1457,10,29,2,40.0
1458,16,29,4,20.0
1459,8,42,2,90.0
1460,17,13,1,60.0
1461,16,7,1,20.0
1462,13,41,2,10.0
1463,15,10,3,50.0
1464,6,42,4,10.0
1465,14,23,3,80.0
1466,1,39,4,60.0
1467,15,13,1,80.0
1468,12,46,3,80.0
1469,12,40,2,30.0
1470,11,36,2,30.0
1471,2,7,2,60.0
1472,3,40,3,50.0
1473,3,17,1,60.0
1474,4,10,3,70.0
1475,18,23,3,30.0
1476,7,3,4,80.0
1477,2,45,3,60.0
1478,9,34,4,30.0
1479,13,29,1,90.0
1480,15,31,1,90.0
1481,7,38,1,20.0
1482,6,14,2,90.0
1483,4,1,3,90.0
1484,19,3,1,40.0
1485,15,33,3,80.0
1486,20,33,1,90.0
1487,11,11,4,70.0
1488,6,18,3,20.0
1489,10,38,4,80.0
1490,14,44,3,90.0
1491,7,7,2,70.0
1492,17,14,2,70.0
1493,20,44,3,80.0
1494,11,1,1,10.0
1495,17,25,2,90.0
1496,4,25,3,60.0
1497,5,43,4,50.0
1498,7,9,3,30.0
1499,15,31,2,80.0
1500,18,23,1,30.0
1501,2,2,3,50.0
1502,4,1,3,10.0
1503,18,1,1,30.0
1504,1,44,4,60.0
1505,17,50,4,40.0
1506,5,45,1,90.0
1507,16,20,1,20.0
1508,13,9,1,20.0
1509,1,21,4,80.0
1510,4,14,1,50.0
1511,7,16,3,10.0
1512,18,30,1,10.0
1513,4,4,2,70.0
1514,20,30,3,20.0
1515,6,26,2,20.0
1516,2,35,4,20.0
1517,4,19,1,70.0
1518,11,16,3,80.0
1519,19,16,3,40.0
1520,13,46,3,90.0
1521,7,36,2,20.0
1522,11,47,3,30.0
1523,13,41,1,30.0
1524,5,7,4,10.0
1525,13,26,1,90.0
1526,17,28,1,10.0
1527,11,49,2,50.0
1528,16,12,2,20.0
1529,8,8,3,20.0
1530,14,2,3,90.0
1531,20,21,3,70.0
1532,18,21,4,70.0
1533,17,19,4,30.0
1534,4,1,2,70.0
1535,5,24,3,10.0
1536,19,11,2,90.0
1537,9,26,2,30.0
1538,14,32,3,30.0
1539,2,39,4,80.0
1540,16,40,2,60.0
1541,10,28,1,40.0
1542,12,9,3,60.0
1543,9,25,4,40.0
1544,10,45,1,60.0
1545,4,40,3,70.0
1546,13,44,1,10.0
1547,8,15,2,80.0
1548,14,34,4,10.0
1549,3,2,4,50.0
1550,20,32,4,30.0
1551,20,4,4,50.0
1552,20,22,1,90.0
1553,9,36,3,50.0
1554,13,50,4,10.0
1555,10,23,1,40.0
1556,2,31,1,10.0
1557,14,24,2,60.0
1558,18,42,4,70.0
1559,17,20,4,70.0
1560,17,9,4,60.0
1561,19,22,4,60.0
1562,15,13,2,40.0
1563,3,25,2,20.0
1564,19,47,2,60.0
1565,8,42,1,50.0
1566,1,43,1,70.0
1567,7,25,4,30.0
1568,5,26,1,60.0
1569,12,6,1,20.0
1570,7,48,4,20.0
1571,3,11,1,30.0
1572,15,6,3,40.0
1573,6,39,3,60.0
1574,17,7,3,60.0
1575,10,18,1,30.0
1576,17,19,3,20.0
1577,7,32,1,50.0
1578,9,8,1,70.0
1579,13,40,2,30.0
1580,15,44,1,10.0
1581,17,1,1,40.0
1582,6,17,2,20.0
1583,18,27,3,70.0
1584,11,5,1,50.0
1585,8,4,4,30.0
1586,4,2,4,10.0
1587,12,42,3,20.0
1588,5,37,2,40.0
1589,10,4,4,80.0
1590,13,40,3,50.0
1591,4,27,3,60.0
1592,15,29,3,20.0
1593,12,45,2,10.0
1594,9,36,4,60.0
1595,19,21,4,70.0
1596,20,3,2,80.0
1597,11,20,4,90.0
1598,15,11,1,70.0
1599,12,10,4,40.0
1600,8,47,1,40.0
1601,16,31,4,60.0
1602,4,23,2,20.0
1603,17,17,4,30.0
1604,20,39,2,70.0
1605,20,14,4,10.0
1606,16,27,4,40.0
1607,9,29,4,10.0
1608,18,33,3,40.0
1609,2,4,3,50.0
1610,14,19,2,40.0
1611,19,47,4,40.0
1612,6,50,3,10.0
1613,3,36,2,90.0
1614,17,16,1,90.0
1615,7,27,2,30.0
1616,1,27,3,30.0
1617,4,24,3,70.0
1618,20,35,1,10.0
1619,5,8,4,60.0
1620,14,19,1,30.0
1621,2,50,1,90.0
1622,9,16,4,30.0
1623,7,4,3,40.0
1624,14,44,4,90.0
1625,19,38,3,70.0
1626,14,32,2,10.0
1627,14,31,2,40.0
1628,15,34,3,10.0
1629,16,47,4,70.0
1630,2,17,4,90.0
1631,11,47,4,30.0
1632,3,2,3,20.0
1633,18,38,3,10.0
1634,17,22,4,60.0
1635,14,35,2,50.0
1636,5,24,4,50.0
1637,14,5,4,50.0
1638,5,9,1,20.0
1639,12,11,2,70.0
1640,19,48,4,10.0
1641,2,37,3,40.0
1642,10,34,4,50.0
1643,6,33,4,70.0
1644,9,41,4,70.0
1645,8,1,2,20.0
1646,13,34,2,90.0
1647,17,13,4,40.0
1648,6,6,3,90.0
1649,19,15,2,80.0
1650,4,24,3,50.0
1651,7,34,4,40.0
1652,12,47,3,40.0
1653,10,18,4,20.0
1654,7,43,1,70.0
1655,1,32,2,50.0
1656,5,33,4,40.0
1657,2,44,4,30.0
1658,20,7,1,80.0
1659,3,32,1,20.0
1660,13,30,1,30.0
1661,17,38,1,70.0
1662,19,3,4,40.0
1663,9,19,4,20.0
1664,6,20,1,20.0
1665,4,22,1,90.0
1666,4,7,3,10.0
1667,6,32,4,60.0
1668,19,22,1,30.0
1669,14,7,3,90.0
1670,11,30,1,90.0
1671,14,5,2,60.0
1672,9,49,3,80.0
1673,3,34,3,70.0
1674,1,5,2,10.0
1675,8,7,2,10.0
1676,15,40,4,90.0
1677,7,17,2,30.0
1678,10,34,1,20.0
1679,12,15,3,30.0
1680,19,22,2,60.0
1681,2,16,1,40.0
1682,17,25,2,40.0
1683,8,24,2,10.0
1684,10,27,3,80.0
1685,3,5,3,40.0
1686,4,46,1,10.0
1687,1,20,2,30.0
1688,9,3,3,50.0
1689,18,44,1,60.0
1690,15,15,3,50.0
1691,15,3,2,20.0
1692,3,4,2,20.0
1693,3,28,3,10.0
1694,8,18,1,30.0
1695,2,40,1,60.0
1696,8,15,4,20.0
1697,13,50,2,10.0
1698,19,1,4,50.0
1699,12,25,1,70.0
1700,20,24,3,20.0
1701,11,18,1,60.0
1702,2,27,2,90.0
1703,2,22,2,10.0
1704,8,17,4,50.0
1705,7,40,1,30.0
1706,8,29,3,50.0
1707,6,2,3,20.0
1708,2,11,4,80.0
1709,9,3,2,20.0
1710,12,32,4,40.0
1711,6,6,1,20.0
1712,8,13,4,30.0
1713,20,2,4,60.0
1714,2,22,4,20.0
1715,1,29,1,90.0
1716,13,38,3,80.0
1717,20,20,3,10.0
1718,1,26,4,40.0
1719,10,1,1,10.0
1720,14,34,1,30.0
1721,14,42,1,80.0
1722,14,33,3,40.0
1723,9,8,4,70.0
1724,7,17,3,70.0
1725,6,45,4,90.0
1726,2,16,3,50.0
1727,2,46,4,30.0
1728,8,50,1,10.0
1729,15,43,4,40.0
1730,17,50,3,10.0
1731,5,22,1,20.0
1732,18,44,2,80.0
1733,20,38,3,20.0
1734,9,38,2,30.0
1735,4,17,2,10.0
1736,13,43,3,60.0
1737,2,12,1,70.0
1738,20,19,3,70.0
1739,6,44,1,30.0
1740,6,7,4,40.0
1741,15,2,4,70.0
1742,20,19,4,80.0
1743,7,35,1,60.0
1744,4,43,2,10.0
1745,20,14,4,30.0
1746,3,21,3,20.0
1747,10,9,1,90.0
1748,11,30,4,60.0
1749,15,28,2,40.0
1750,7,8,1,60.0
1751,4,10,4,70.0
1752,7,35,3,30.0
1753,19,22,4,60.0
1754,1,26,1,10.0
1755,16,24,1,50.0
1756,20,12,4,90.0
1757,5,26,1,50.0
1758,16,13,4,80.0
1759,19,3,4,80.0
1760,17,20,2,70.0
1761,1,44,2,30.0
1762,1,11,4,70.0
1763,9,7,1,50.0
1764,3,10,4,30.0
1765,15,26,1,10.0
1766,5,34,3,20.0
1767,18,26,2,10.0
1768,19,49,3,20.0
1769,20,20,4,60.0
1770,2,26,4,30.0
1771,2,34,2,60.0
1772,17,47,1,80.0
1773,4,25,1,30.0
1774,11,39,3,70.0
1775,13,42,4,30.0
1776,14,16,2,20.0
1777,6,18,4,40.0
1778,3,21,2,30.0
1779,14,5,4,70.0
1780,8,8,1,80.0
1781,7,41,4,30.0
1782,19,41,1,10.0
1783,5,39,1,80.0
1784,2,13,3,40.0
1785,9,34,1,10.0
1786,16,21,4,70.0
1787,1,49,4,90.0
1788,16,6,1,60.0
1789,15,25,1,50.0
1790,18,34,2,70.0
1791,7,29,3,10.0
1792,10,16,1,30.0
1793,8,5,1,10.0
1794,4,29,4,20.0
1795,17,10,3,90.0
1796,8,38,1,40.0
1797,12,49,2,40.0
1798,19,25,2,90.0
1799,10,30,4,70.0
1800,4,18,2,40.0
1801,4,22,2,50.0
1802,16,28,4,60.0
1803,20,27,1,40.0
1804,8,24,4,70.0
1805,16,47,2,70.0
1806,1,6,4,20.0
1807,13,29,2,60.0
1808,4,27,2,90.0
1809,4,19,2,30.0
1810,3,36,4,70.0
1811,13,27,3,40.0
1812,16,38,3,80.0
1813,5,23,3,50.0
1814,10,50,3,70.0
1815,13,34,1,30.0
1816,19,4,1,40.0
1817,7,8,3,50.0
1818,10,1,1,20.0
1819,16,3,4,90.0
1820,3,30,2,50.0
1821,7,27,3,90.0
1822,14,35,2,10.0
1823,3,39,2,70.0
1824,10,12,3,30.0
1825,17,48,2,40.0
1826,2,25,2,40.0
1827,16,35,1,50.0
1828,9,4,4,40.0
1829,9,50,2,50.0
1830,20,5,3,80.0
1831,1,50,3,80.0
1832,10,44,3,70.0
1833,8,11,4,30.0
1834,17,4,1,60.0
1835,17,32,1,40.0
1836,6,32,1,10.0
1837,15,18,2,10.0
1838,20,37,2,20.0
1839,2,39,3,40.0
1840,12,16,4,80.0
1841,19,26,1,70.0
1842,13,8,1,40.0
1843,10,10,1,80.0
1844,13,38,4,10.0
1845,17,9,3,90.0
1846,10,4,2,90.0
1847,6,25,4,10.0
1848,5,8,1,90.0
1849,11,47,3,60.0
1850,12,18,3,50.0
1851,3,11,1,30.0
1852,11,45,2,90.0
1853,20,43,1,80.0
1854,15,5,2,10.0
1855,15,37,3,60.0
1856,6,29,2,70.0
1857,1,1,3,80.0
1858,10,21,2,80.0
1859,11,8,2,90.0
1860,9,7,2,20.0
1861,10,40,1,30.0
1862,19,24,1,20.0
1863,16,35,1,30.0
1864,1,14,3,20.0
1865,8,49,3,70.0
1866,10,21,3,90.0
1867,10,7,2,70.0
1868,16,47,1,50.0
1869,10,47,1,40.0
1870,10,34,4,40.0
1871,14,1,2,50.0
1872,18,41,1,90.0
1873,9,37,3,20.0
1874,4,34,1,80.0
1875,18,22,4,70.0
1876,19,30,1,90.0
1877,13,14,1,80.0
1878,19,2,3,80.0
1879,2,10,1,50.0
1880,19,36,1,60.0
1881,6,19,3,80.0
1882,17,42,4,60.0
1883,2,25,3,90.0
1884,8,17,3,90.0
1885,6,48,1,40.0
1886,17,43,1,20.0
1887,10,42,4,30.0
1888,20,23,4,90.0
1889,10,49,4,20.0
1890,12,42,2,40.0
1891,13,18,3,80.0
1892,9,8,4,10.0
1893,10,46,3,50.0
1894,13,25,3,10.0
1895,20,7,3,10.0
1896,13,33,2,80.0
1897,16,24,2,20.0
1898,7,4,2,50.0
1899,13,43,4,90.0
1900,9,31,1,10.0
1901,19,4,4,60.0
1902,14,6,1,50.0
1903,8,10,4,40.0
1904,12,42,4,60.0
1905,7,34,3,30.0
1906,4,39,4,40.0
1907,16,4,2,80.0
1908,20,11,2,80.0
1909,13,26,3,30.0
1910,6,34,4,50.0
1911,9,45,1,20.0
1912,1,29,1,50.0
1913,6,32,2,40.0
1914,7,18,4,40.0
1915,1,7,2,90.0
1916,4,43,4,80.0
1917,2,41,4,40.0
1918,18,17,3,30.0
1919,1,39,1,30.0
1920,12,39,2,40.0
1921,9,11,2,20.0
1922,3,11,1,90.0
1923,3,34,4,40.0
1924,6,3,3,50.0
1925,16,50,3,80.0
1926,10,13,2,30.0
1927,20,32,4,20.0
1928,17,49,1,50.0
1929,17,5,2,40.0
1930,18,1,1,70.0
1931,4,29,3,70.0
1932,15,4,1,40.0
1933,11,28,4,50.0
1934,1,25,2,50.0
1935,15,50,2,90.0
1936,9,11,3,10.0
1937,19,33,2,30.0
1938,12,31,3,70.0
1939,4,37,2,80.0
1940,18,12,2,30.0
1941,16,29,4,50.0
1942,4,48,2,70.0
1943,13,15,4,20.0
1944,8,41,2,40.0
1945,10,49,4,40.0
1946,17,24,1,40.0
1947,11,15,2,40.0
1948,2,32,2,90.0
1949,6,21,2,10.0
1950,17,50,1,40.0
1951,11,3,1,40.0
1952,11,33,2,20.0
1953,7,2,4,10.0
1954,6,8,3,40.0
1955,16,28,4,20.0
1956,1,13,4,30.0
1957,20,31,1,30.0
1958,1,21,2,60.0
1959,16,13,2,30.0
1960,9,34,1,70.0
1961,4,4,1,10.0
1962,17,26,2,80.0
1963,6,49,1,20.0
1964,9,45,2,80.0
1965,7,4,4,60.0
1966,8,29,4,50.0
1967,4,47,3,30.0
1968,17,42,1,70.0
1969,15,32,3,20.0
1970,10,35,4,50.0
1971,3,1,2,40.0
1972,7,25,2,20.0
1973,10,5,3,20.0
1974,18,30,1,20.0
1975,17,9,2,30.0
1976,1,44,4,20.0
1977,4,29,1,90.0
1978,12,18,2,60.0
1979,4,1,4,10.0
1980,7,20,2,50.0
1981,3,17,2,50.0
1982,1,43,3,60.0
1983,2,25,1,90.0
1984,17,25,2,10.0
1985,10,7,4,50.0
1986,3,50,4,90.0
1987,12,21,1,50.0
1988,11,6,1,70.0
1989,8,49,1,70.0
1990,2,26,3,70.0
1991,16,1,2,30.0
1992,10,41,4,10.0
1993,20,37,2,90.0
1994,13,43,1,80.0
1995,19,35,3,20.0
1996,13,39,3,30.0
1997,20,20,1,10.0
1998,16,11,1,30.0
1999,16,38,1,60.0
2000,10,10,2,20.0
2001,17,35,1,70.0
2002,8,22,4,60.0
2003,6,18,3,40.0
2004,7,42,2,70.0
2005,17,41,2,60.0
2006,15,50,4,40.0
2007,19,13,3,40.0
2008,8,13,1,60.0
2009,1,34,3,90.0
2010,17,12,3,90.0
2011,13,13,4,90.0
2012,1,38,1,80.0
2013,13,8,3,10.0
2014,12,24,1,50.0
2015,19,27,2,40.0
2016,10,48,4,20.0
2017,20,39,4,90.0
2018,6,47,2,90.0
2019,15,34,4,70.0
2020,5,15,3,90.0
2021,20,44,3,90.0
2022,16,1,2,90.0
2023,7,50,4,50.0
2024,19,19,3,60.0
2025,16,32,2,70.0
2026,6,32,4,70.0
2027,12,22,4,40.0
2028,8,36,4,40.0
2029,16,28,4,50.0
2030,7,2,2,70.0
2031,7,17,2,20.0
2032,19,27,2,50.0
2033,19,9,1,40.0
2034,8,30,2,60.0
2035,20,48,2,90.0
2036,11,13,1,10.0
2037,13,15,1,20.0
2038,6,25,4,10.0
2039,2,41,1,40.0
2040,10,41,3,90.0
2041,20,15,4,60.0
2042,3,31,3,60.0
2043,16,4,4,50.0
2044,15,7,1,50.0
2045,3,33,3,70.0
2046,7,27,3,40.0
2047,2,37,2,20.0
2048,9,39,2,60.0
2049,11,33,1,10.0
2050,18,25,3,70.0
2051,5,2,1,30.0
2052,13,42,2,10.0
2053,18,44,1,70.0
2054,17,1,4,70.0
2055,13,5,1,10.0
2056,7,40,2,80.0
2057,19,19,4,70.0
2058,1,29,2,60.0
2059,1,39,4,70.0
2060,5,39,4,80.0
2061,16,41,1,90.0
2062,18,5,1,10.0
2063,6,22,1,70.0
2064,7,33,1,60.0
2065,2,29,4,70.0
2066,7,39,4,50.0
2067,7,34,1,40.0
2068,3,49,1,30.0
2069,7,30,3,20.0
2070,12,1,4,40.0
2071,17,15,4,30.0
2072,12,14,3,50.0
2073,17,15,1,40.0
2074,7,50,3,50.0
2075,8,46,3,70.0
2076,9,20,4,20.0
2077,6,14,2,40.0
2078,8,10,4,20.0
2079,15,7,1,80.0
2080,8,42,1,30.0
2081,16,17,2,20.0
2082,1,46,2,50.0
2083,10,18,2,40.0
2084,15,5,4,80.0
2085,13,25,3,70.0
2086,18,5,1,60.0
2087,19,19,4,20.0
2088,19,37,2,40.0
2089,8,17,2,40.0
2090,3,38,1,60.0
2091,18,4,3,90.0
2092,9,23,1,10.0
2093,7,25,4,20.0
2094,18,48,2,60.0
2095,1,28,2,60.0
2096,2,40,4,70.0
2097,1,25,4,30.0
2098,13,39,2,10.0
2099,12,9,3,80.0
2100,9,18,2,60.0
2101,15,27,2,50.0
2102,18,21,2,90.0
2103,1,4,3,30.0
2104,20,13,1,20.0
2105,9,42,3,70.0
2106,7,28,2,70.0
2107,15,9,4,70.0
2108,13,11,3,90.0
2109,14,44,1,50.0
2110,8,10,3,50.0
2111,13,34,3,90.0
2112,17,9,1,10.0
2113,15,9,4,70.0
2114,19,20,2,50.0
2115,3,40,2,60.0
2116,15,9,1,40.0
2117,18,33,4,50.0
2118,17,15,1,50.0
2119,20,37,2,50.0
2120,11,32,1,90.0
2121,6,5,2,10.0
2122,11,18,2,70.0
2123,1,10,3,60.0
2124,18,10,4,10.0
2125,2,10,2,90.0
2126,11,3,2,50.0
2127,3,18,3,70.0
2128,17,38,3,40.0
2129,19,1,3,20.0
2130,14,43,4,60.0
2131,18,40,3,20.0
2132,17,49,2,70.0
2133,19,31,3,80.0
2134,16,10,3,70.0
2135,18,49,3,20.0
2136,4,50,1,30.0
2137,8,20,2,30.0
2138,20,39,1,40.0
2139,11,11,2,20.0
2140,10,25,4,20.0
2141,4,41,1,70.0
2142,5,11,4,90.0
2143,1,45,1,70.0
2144,3,25,3,60.0
2145,7,40,2,20.0
2146,13,12,1,90.0
2147,8,38,4,70.0
2148,1,24,2,60.0
2149,18,29,3,60.0
2150,13,38,4,10.0
2151,18,4,1,50.0
2152,1,37,1,30.0
2153,14,48,2,70.0
2154,14,44,4,40.0
2155,15,8,2,70.0
2156,12,9,3,80.0
2157,7,38,2,90.0
2158,16,15,1,20.0
2159,7,46,3,10.0
2160,15,31,3,80.0
2161,3,15,3,90.0
2162,7,48,2,90.0
2163,5,50,3,90.0
2164,6,40,1,20.0
2165,20,34,4,40.0
2166,15,13,3,90.0
2167,11,4,1,70.0
2168,18,23,3,40.0
2169,18,8,1,90.0
2170,12,33,2,40.0
2171,3,28,3,90.0
2172,16,3,4,80.0
2173,4,45,1,60.0
2174,15,15,3,10.0
2175,3,39,3,80.0
2176,19,28,3,10.0
2177,5,38,3,80.0
2178,2,44,2,60.0
2179,4,36,1,30.0
2180,2,29,2,80.0
2181,7,9,3,90.0
2182,1,6,1,70.0
2183,20,13,2,30.0
2184,6,43,2,60.0
2185,4,13,3,80.0
2186,18,41,4,60.0
2187,6,11,2,90.0
2188,14,33,4,30.0
2189,10,47,1,20.0
2190,6,47,1,30.0
2191,16,15,2,30.0
2192,10,39,1,70.0
2193,1,43,1,20.0
2194,11,1,2,10.0
2195,1,1,3,20.0
2196,15,5,4,70.0
2197,7,25,4,20.0
2198,7,27,3,90.0
2199,11,3,3,30.0
2200,1,45,2,80.0
2201,15,11,4,10.0
2202,5,21,2,80.0
2203,10,20,2,10.0
2204,6,37,4,70.0
2205,20,33,2,20.0
2206,16,11,3,40.0
2207,2,24,1,10.0
2208,1,38,2,20.0
2209,9,1,3,20.0
2210,10,27,1,30.0
2211,10,31,4,90.0
2212,3,30,3,10.0
2213,15,16,2,30.0
2214,14,18,1,10.0
2215,15,20,4,50.0
2216,7,22,4,10.0
2217,2,3,3,90.0
2218,5,40,3,90.0
2219,5,2,2,10.0
2220,1,28,1,20.0
2221,10,42,3,80.0
2222,5,16,1,50.0
2223,3,33,3,10.0
2224,13,12,4,90.0
2225,8,17,4,30.0
2226,5,2,2,50.0
2227,9,47,4,80.0
2228,9,28,1,90.0
2229,3,3,2,50.0
2230,14,26,3,80.0
2231,16,4,2,10.0
2232,10,16,2,70.0
2233,16,38,2,30.0
2234,10,7,3,20.0
2235,12,39,3,80.0
2236,19,9,1,80.0
2237,8,33,2,20.0
2238,13,6,4,10.0
2239,16,41,2,70.0
2240,11,39,3,60.0
2241,10,21,1,40.0
2242,20,49,3,30.0
2243,16,6,1,20.0
2244,7,36,1,90.0
2245,17,16,4,90.0
2246,10,20,4,80.0
2247,15,46,2,30.0
2248,19,40,3,20.0
2249,5,22,2,10.0
2250,19,25,3,60.0
2251,20,3,4,10.0
2252,14,37,3,10.0
2253,8,28,4,10.0
2254,17,8,1,70.0
2255,14,9,3,10.0
2256,2,17,4,30.0
2257,14,49,2,40.0
2258,10,10,4,50.0
2259,4,18,4,60.0
2260,14,50,1,80.0
2261,9,38,3,60.0
2262,19,10,1,60.0
2263,9,4,1,70.0
2264,13,11,3,70.0
2265,8,8,2,60.0
2266,7,17,2,50.0
2267,15,4,3,70.0
2268,17,5,1,50.0
2269,2,6,2,40.0
2270,16,18,3,30.0
2271,6,40,4,80.0
2272,4,32,3,60.0
2273,12,17,4,80.0
2274,7,44,3,60.0
2275,18,34,3,40.0
2276,10,39,1,60.0
2277,12,9,1,20.0
2278,14,9,1,60.0
2279,6,3,4,80.0
2280,6,25,2,80.0
2281,4,9,3,70.0
2282,15,7,1,10.0
2283,7,4,4,20.0
2284,7,45,4,20.0
2285,15,8,4,20.0
2286,3,17,2,70.0
2287,13,12,1,20.0
2288,1,39,3,70.0
2289,12,48,2,80.0
2290,8,24,4,70.0
2291,11,7,2,20.0
2292,7,44,1,70.0
2293,8,32,3,50.0
2294,6,23,2,60.0
2295,1,6,1,90.0
2296,2,23,1,70.0
2297,4,14,4,80.0
2298,11,28,1,10.0
2299,3,38,4,50.0
2300,20,36,1,30.0
2301,20,46,4,30.0
2302,5,8,4,10.0
2303,16,28,3,80.0
2304,11,47,4,90.0
2305,15,19,4,70.0
2306,2,40,4,20.0
2307,7,18,2,20.0
2308,15,18,4,10.0
2309,8,27,4,60.0
2310,13,15,1,40.0
2311,1,6,2,40.0
2312,13,22,4,80.0
2313,3,35,4,40.0
2314,20,21,4,10.0
2315,13,32,2,20.0
2316,15,47,3,40.0
2317,5,8,3,50.0
2318,8,16,1,70.0
2319,11,18,4,40.0
2320,2,31,4,90.0
2321,9,43,3,60.0
2322,6,33,2,30.0
2323,17,16,1,30.0
2324,15,13,2,30.0
2325,5,28,1,10.0
2326,13,14,1,20.0
2327,8,46,3,10.0
2328,13,33,2,30.0
2329,17,49,1,90.0
2330,17,16,2,60.0
2331,10,13,3,30.0
2332,15,10,3,50.0
2333,4,1,4,80.0
2334,17,44,3,70.0
2335,4,37,1,10.0
2336,15,16,2,60.0
2337,9,36,1,30.0
2338,18,42,1,10.0
2339,7,12,1,80.0
2340,4,34,3,20.0
2341,13,49,3,10.0
2342,12,26,3,80.0
2343,14,17,1,20.0
2344,1,47,2,70.0
2345,14,34,3,70.0
2346,4,34,4,60.0
2347,15,1,1,60.0
2348,11,21,2,20.0
2349,12,35,3,50.0
2350,14,23,2,10.0
2351,6,40,3,70.0
2352,16,10,1,60.0
2353,12,42,1,60.0
2354,1,36,4,50.0
2355,1,35,3,10.0
2356,6,20,1,30.0
2357,5,28,3,10.0
2358,6,12,2,20.0
2359,6,31,4,60.0
2360,7,48,2,60.0
2361,12,17,1,90.0
2362,14,36,3,40.0
2363,19,50,3,80.0
2364,1,7,1,30.0
2365,19,37,1,80.0
2366,8,3,3,80.0
2367,14,11,4,10.0
2368,4,1,4,10.0
2369,4,14,2,40.0
2370,19,22,4,80.0
2371,20,48,3,60.0
2372,19,45,2,30.0
2373,12,49,1,20.0
2374,2,16,2,20.0
2375,3,48,4,60.0
2376,10,33,3,10.0
2377,17,31,3,50.0
2378,9,13,1,90.0
2379,15,44,2,30.0
2380,9,12,2,20.0
2381,2,48,3,20.0
2382,18,23,4,30.0
2383,17,1,2,70.0
2384,3,16,4,70.0
2385,18,43,2,40.0
2386,18,22,3,40.0
2387,15,50,2,60.0
2388,7,17,3,10.0
2389,12,36,3,60.0
2390,4,29,3,40.0
2391,17,7,1,20.0
2392,1,50,4,80.0
2393,13,38,2,40.0
2394,7,16,3,80.0
2395,3,39,3,30.0
2396,10,14,1,50.0
2397,10,32,4,70.0
2398,14,9,4,60.0
2399,13,10,2,90.0
2400,17,16,4,10.0
2401,17,9,4,20.0
2402,5,50,4,60.0
2403,7,50,3,20.0
2404,1,45,2,90.0
2405,6,20,4,60.0
2406,20,17,1,20.0
2407,11,15,3,30.0
2408,7,29,4,30.0
2409,1,21,1,70.0
2410,11,47,2,60.0
2411,17,8,1,30.0
2412,5,44,1,10.0
2413,14,28,3,10.0
2414,19,9,3,80.0
2415,8,40,3,30.0
2416,2,4,3,60.0
2417,12,17,3,60.0
2418,3,45,3,10.0
2419,9,45,3,30.0
2420,9,48,4,10.0
2421,13,36,2,90.0
2422,17,40,2,40.0
2423,7,31,3,90.0
2424,19,24,2,80.0
2425,4,45,4,50.0
2426,13,2,3,90.0
2427,10,50,2,40.0
2428,19,41,1,20.0
2429,10,32,1,10.0
2430,10,19,4,60.0
2431,5,9,2,40.0
2432,1,40,2,60.0
2433,17,49,1,90.0
2434,3,18,2,60.0
2435,7,8,4,90.0
2436,19,10,4,20.0
2437,3,24,3,40.0
2438,13,1,3,40.0
2439,15,35,1,60.0
2440,10,48,1,70.0
2441,16,26,4,50.0
2442,2,31,2,80.0
2443,12,22,2,40.0
2444,1,49,4,20.0
2445,4,27,4,80.0
2446,20,25,4,90.0
2447,18,31,1,10.0
2448,9,14,4,60.0
2449,20,21,1,80.0
2450,6,24,4,10.0
2451,5,35,1,40.0
2452,15,45,3,80.0
2453,1,7,2,30.0
2454,6,1,1,50.0
2455,20,23,2,60.0
2456,19,38,4,10.0
2457,20,38,4,70.0
2458,6,2,3,20.0
2459,13,12,1,80.0
2460,10,28,3,70.0
2461,3,5,1,80.0
2462,16,27,3,80.0
2463,10,24,2,50.0
2464,3,5,3,60.0
2465,13,38,2,60.0
2466,1,50,2,80.0
2467,9,27,1,20.0
2468,13,10,1,90.0
2469,12,46,1,30.0
2470,3,45,2,70.0
2471,15,13,2,40.0
2472,5,23,2,70.0
2473,18,5,3,70.0
2474,4,34,4,40.0
2475,11,15,1,80.0
2476,15,26,3,30.0
2477,4,23,4,50.0
2478,3,21,3,60.0
2479,15,28,3,40.0
2480,15,41,4,20.0
2481,7,38,4,70.0
2482,15,6,3,10.0
2483,15,19,2,50.0
2484,13,39,1,40.0
2485,1,8,1,60.0
2486,4,26,4,60.0
2487,13,10,2,90.0
2488,14,32,4,30.0
2489,16,40,1,40.0
2490,8,8,1,80.0
2491,13,18,4,90.0
2492,4,12,1,50.0
2493,17,46,1,70.0
2494,4,38,1,50.0
2495,13,26,4,80.0
2496,12,43,4,90.0
2497,5,13,4,40.0
2498,8,39,4,50.0
2499,15,7,4,10.0
2500,8,39,4,20.0
2501,1,28,1,90.0
2502,19,48,4,90.0
2503,19,21,1,30.0
2504,20,22,4,70.0
2505,17,7,2,10.0
2506,1,49,3,40.0
2507,9,21,4,80.0
2508,13,15,2,30.0
2509,11,13,3,80.0
2510,8,9,4,30.0
2511,8,48,3,80.0
2512,6,31,4,60.0
2513,13,1,2,60.0
2514,8,44,4,70.0
2515,4,1,2,60.0
2516,20,42,2,80.0
2517,1,44,1,60.0
2518,19,40,1,50.0
2519,1,45,1,80.0
2520,11,36,3,40.0
2521,5,7,1,40.0
2522,16,36,2,60.0
2523,15,30,4,60.0
2524,11,6,4,20.0
2525,1,47,4,50.0
2526,4,46,2,10.0
2527,5,30,2,10.0
2528,19,5,1,50.0
2529,9,34,2,90.0
2530,15,39,2,90.0
2531,17,47,2,70.0
2532,9,21,2,90.0
2533,15,45,1,50.0
2534,5,46,3,20.0
2535,15,36,2,70.0
2536,16,27,4,60.0
2537,12,47,1,30.0
2538,18,47,4,20.0
2539,2,5,1,50.0
2540,16,23,1,70.0
2541,8,14,4,10.0
2542,19,28,1,30.0
2543,4,46,2,10.0
2544,2,24,4,90.0
2545,2,45,1,80.0
2546,17,15,3,40.0
2547,16,40,1,70.0
2548,5,38,3,50.0
2549,13,20,4,20.0
2550,18,23,1,60.0
2551,19,42,2,40.0
2552,11,2,2,70.0
2553,9,37,4,40.0
2554,2,11,3,30.0
2555,7,38,4,30.0
2556,19,49,3,90.0
2557,8,42,1,60.0
2558,3,6,1,80.0
2559,8,17,3,70.0
2560,13,32,1,90.0
2561,19,15,1,10.0
2562,8,26,4,20.0
2563,5,28,3,60.0
2564,1,44,2,60.0
2565,5,41,1,10.0
2566,20,17,4,40.0
2567,8,33,2,10.0
2568,14,1,2,80.0
2569,19,6,3,80.0
2570,16,24,1,90.0
2571,14,15,3,10.0
2572,9,15,2,30.0
2573,3,46,2,30.0
2574,7,48,3,40.0
2575,2,25,2,90.0
2576,16,7,2,30.0
2577,6,9,2,40.0
2578,18,21,4,30.0
2579,11,11,2,10.0
2580,3,25,3,80.0
2581,19,4,1,60.0
2582,18,11,2,10.0
2583,14,21,4,60.0
2584,6,46,2,50.0
2585,20,43,2,70.0
2586,4,23,2,60.0
2587,7,48,1,80.0
2588,1,39,2,70.0
2589,7,23,1,20.0
2590,13,30,2,30.0
2591,11,31,4,20.0
2592,20,28,1,60.0
2593,3,39,4,40.0
2594,2,41,2,60.0
2595,6,43,1,60.0
2596,5,18,3,70.0
2597,8,50,2,30.0
2598,18,22,3,40.0
2599,6,26,2,40.0
2600,14,24,3,70.0
2601,10,6,2,30.0
2602,9,8,2,10.0
2603,4,9,2,80.0
2604,14,49,2,40.0
2605,12,3,2,60.0
2606,15,8,4,30.0
2607,4,36,1,70.0
2608,4,16,3,60.0
2609,20,7,3,60.0
2610,2,5,1,80.0
2611,16,7,1,20.0
2612,14,29,1,30.0
2613,6,10,3,20.0
2614,5,6,3,90.0
2615,2,40,3,70.0
2616,16,43,3,50.0
2617,2,12,1,20.0
2618,11,50,1,10.0
2619,8,21,1,60.0
2620,11,8,1,20.0
2621,5,45,2,80.0
2622,2,50,1,60.0
2623,20,15,2,20.0
2624,14,19,4,60.0
2625,12,4,4,80.0
2626,5,40,3,70.0
2627,15,14,2,10.0
2628,11,24,2,80.0
2629,2,48,1,60.0
2630,9,33,2,70.0
2631,19,28,3,70.0
2632,18,43,3,20.0
2633,7,11,4,50.0
2634,4,11,4,40.0
2635,13,19,2,40.0
2636,1,19,2,30.0
2637,16,25,3,90.0
2638,4,20,1,40.0
2639,10,35,1,50.0
2640,20,7,1,40.0
2641,6,27,3,20.0
2642,14,14,4,70.0
2643,13,12,1,90.0
2644,9,21,4,30.0
2645,3,6,3,40.0
2646,2,45,1,10.0
2647,16,37,4,80.0
2648,10,50,3,90.0
2649,3,2,2,80.0
2650,8,11,1,50.0
2651,6,45,4,60.0
2652,14,39,4,60.0
2653,3,25,1,50.0
2654,11,34,2,10.0
2655,5,8,4,90.0
2656,6,46,4,40.0
2657,19,24,1,30.0
2658,12,40,1,60.0
2659,7,43,3,20.0
2660,11,6,1,70.0
2661,4,18,2,40.0
2662,4,2,2,90.0
2663,7,50,3,90.0
2664,2,6,2,70.0
2665,15,38,3,60.0
2666,1,31,4,70.0
2667,8,28,2,60.0
2668,20,48,4,10.0
2669,4,34,2,80.0
2670,14,43,1,20.0
2671,15,6,3,80.0
2672,1,44,2,50.0
2673,6,46,3,90.0
2674,4,37,3,50.0
2675,17,49,1,40.0
2676,11,10,3,90.0
2677,12,47,4,90.0
2678,10,47,2,10.0
2679,5,18,2,30.0
2680,8,31,3,50.0
2681,10,12,1,60.0
2682,17,18,3,20.0
2683,16,36,2,60.0
2684,12,38,2,40.0
2685,19,47,4,20.0
2686,15,48,4,40.0
2687,12,11,2,40.0
2688,18,41,2,10.0
2689,5,40,2,30.0
2690,9,37,4,70.0
2691,11,31,3,90.0
2692,10,18,3,30.0
2693,18,20,2,50.0
2694,18,6,4,90.0
2695,15,10,3,60.0
2696,5,4,2,40.0
2697,5,28,3,10.0
2698,9,42,4,90.0
2699,2,21,3,40.0
2700,8,50,2,80.0
2701,6,15,3,10.0
2702,13,25,3,60.0
2703,10,45,1,40.0
2704,17,33,3,70.0
2705,20,49,1,90.0
2706,16,1,3,20.0
2707,15,35,1,80.0
2708,8,14,4,30.0
2709,3,19,3,70.0
2710,3,28,1,40.0
2711,7,42,1,20.0
2712,14,27,3,10.0
2713,8,43,4,10.0
2714,16,44,1,50.0
2715,2,8,1,70.0
2716,8,11,4,60.0
2717,11,44,2,40.0
2718,11,36,4,50.0
2719,2,34,3,20.0
2720,7,41,1,70.0
2721,9,49,1,40.0
2722,11,31,2,90.0
2723,16,25,4,70.0
2724,3,30,3,50.0
2725,20,48,4,50.0
2726,19,38,1,40.0
2727,9,49,3,90.0
2728,8,47,2,50.0
2729,9,36,1,80.0
2730,5,35,4,30.0
2731,10,34,1,30.0
2732,2,44,4,70.0
2733,12,17,2,30.0
2734,10,22,1,50.0
2735,10,11,2,20.0
2736,4,37,3,50.0
2737,9,24,2,60.0
2738,20,12,2,20.0
2739,1,4,3,60.0
2740,18,30,4,60.0
2741,4,46,1,10.0
2742,16,21,1,20.0
2743,20,28,1,30.0
2744,9,50,3,90.0
2745,11,18,1,40.0
2746,13,19,4,60.0
2747,13,16,2,30.0
2748,19,9,1,80.0
2749,13,1,3,90.0
2750,10,41,3,70.0
2751,6,44,2,10.0
2752,18,29,3,50.0
2753,13,12,3,90.0
2754,12,27,3,60.0
2755,15,25,1,10.0
2756,4,26,1,90.0
2757,11,13,1,70.0
2758,9,6,4,10.0
2759,7,42,3,50.0
2760,2,36,3,70.0
2761,15,29,2,70.0
2762,6,45,3,50.0
2763,8,13,1,20.0
2764,20,35,4,80.0
2765,17,35,3,90.0
2766,1,34,2,20.0
2767,18,31,2,50.0
2768,18,45,2,40.0
2769,10,33,2,40.0
2770,4,36,4,60.0
2771,13,2,1,40.0
2772,12,46,4,30.0
2773,5,26,2,10.0
2774,19,21,4,40.0
2775,2,25,3,30.0
2776,12,50,2,20.0
2777,19,16,1,50.0
2778,5,13,1,40.0
2779,17,41,3,80.0
2780,4,35,4,80.0
2781,10,28,4,70.0
2782,16,18,3,50.0
2783,7,45,1,30.0
2784,10,5,3,10.0
2785,10,29,2,70.0
2786,19,8,4,40.0
2787,20,36,4,40.0
2788,14,11,1,90.0
2789,13,44,2,60.0
2790,4,40,4,50.0
2791,8,2,2,80.0
2792,7,43,4,80.0
2793,11,26,3,10.0
2794,7,9,4,30.0
2795,9,45,3,50.0
2796,13,48,1,80.0
2797,16,6,4,30.0
2798,3,42,1,30.0
2799,2,24,3,30.0
2800,17,20,3,70.0
2801,17,41,3,70.0
2802,9,27,1,50.0
2803,3,45,3,60.0
2804,16,13,1,70.0
2805,3,38,3,60.0
2806,18,42,4,80.0
2807,7,45,3,80.0
2808,6,20,3,90.0
2809,18,31,3,60.0
2810,3,33,3,80.0
2811,8,18,1,30.0
2812,7,39,2,60.0
2813,5,21,3,20.0
2814,14,4,3,40.0
2815,13,40,1,50.0
2816,19,23,2,80.0
2817,9,4,3,90.0
2818,18,46,3,20.0
2819,12,21,4,70.0
2820,8,6,1,10.0
2821,1,4,4,70.0
2822,13,2,2,60.0
2823,2,20,1,20.0
2824,19,49,3,20.0
2825,7,48,2,20.0
2826,7,46,2,70.0
2827,18,43,4,20.0
2828,12,3,3,40.0
2829,2,15,2,70.0
2830,20,9,2,20.0
2831,3,27,1,20.0
2832,20,30,1,30.0
2833,20,38,1,60.0
2834,8,38,3,80.0
2835,20,45,2,10.0
2836,1,21,3,30.0
2837,15,8,4,20.0
2838,9,8,4,90.0
2839,19,14,2,30.0
2840,15,43,1,50.0
2841,3,45,1,20.0
2842,7,31,2,30.0
2843,14,25,4,80.0
2844,6,7,3,30.0
2845,11,34,4,70.0
2846,4,43,2,60.0
2847,19,4,2,60.0
2848,6,9,4,60.0
2849,5,46,4,40.0
2850,15,49,1,90.0
2851,15,37,1,40.0
2852,17,19,2,60.0
2853,13,7,1,40.0
2854,2,6,3,50.0
2855,5,48,1,60.0
2856,7,39,3,70.0
2857,19,19,4,20.0
2858,1,23,2,60.0
2859,20,16,1,10.0
2860,2,5,2,50.0
2861,18,30,4,20.0
2862,19,38,3,30.0
2863,15,47,2,10.0
2864,5,4,4,10.0
2865,17,37,1,60.0
2866,2,19,3,70.0
2867,8,24,3,50.0
2868,11,41,1,80.0
2869,15,36,1,30.0
2870,18,26,4,50.0
2871,10,19,3,20.0
2872,3,40,2,70.0
2873,15,39,1,30.0
2874,17,46,3,20.0
2875,5,29,3,40.0
2876,10,1,4,60.0
2877,16,31,2,70.0
2878,18,31,4,50.0
2879,12,16,3,30.0
2880,2,48,4,20.0
2881,9,2,2,20.0
2882,3,45,3,90.0
2883,2,18,1,80.0
2884,12,38,2,10.0
2885,10,9,4,80.0
2886,11,28,3,80.0
2887,20,25,1,70.0
2888,1,14,3,60.0
2889,7,2,4,70.0
2890,7,19,3,70.0
2891,4,36,4,30.0
2892,10,21,4,10.0
2893,6,41,1,70.0
2894,16,10,1,30.0
2895,14,11,4,30.0
2896,12,32,3,40.0
2897,16,6,2,30.0
2898,8,19,1,50.0
2899,16,46,4,30.0
2900,12,30,2,70.0
2901,5,15,1,30.0
2902,19,39,3,40.0
2903,14,28,3,40.0
2904,12,6,2,10.0
2905,11,9,4,80.0
2906,9,16,1,10.0
2907,18,24,2,70.0
2908,9,36,4,60.0
2909,12,34,2,30.0
2910,6,23,2,90.0
2911,8,16,2,90.0
2912,3,48,3,70.0
2913,17,5,3,30.0
2914,1,50,2,60.0
2915,10,40,1,30.0
2916,15,3,2,90.0
2917,10,33,3,60.0
2918,2,49,1,70.0
2919,14,37,3,30.0
2920,5,17,4,50.0
2921,15,42,1,30.0
2922,2,43,3,50.0
2923,13,28,2,20.0
2924,9,33,3,20.0
2925,3,24,1,90.0
2926,2,12,3,20.0
2927,18,45,2,60.0
2928,10,4,4,10.0
2929,5,45,1,10.0
2930,1,17,2,10.0
2931,4,6,4,80.0
2932,12,34,4,70.0
2933,7,26,4,70.0
2934,17,18,3,70.0
2935,16,2,4,40.0
2936,18,13,3,40.0
2937,3,30,4,80.0
2938,4,21,1,50.0
2939,3,45,2,30.0
2940,10,41,2,20.0
2941,17,38,2,10.0
2942,12,31,4,20.0
2943,15,31,3,30.0
2944,1,26,2,30.0
2945,16,49,2,20.0
2946,16,39,1,70.0
2947,7,6,1,50.0
2948,19,40,3,10.0
2949,8,27,2,60.0
2950,19,50,1,10.0
2951,15,47,1,20.0
2952,20,10,4,60.0
2953,8,42,3,40.0
2954,10,10,2,50.0
2955,16,3,4,90.0
2956,15,36,2,60.0
2957,7,11,3,60.0
2958,6,6,2,40.0
2959,20,18,1,50.0
2960,6,46,2,10.0
2961,3,29,1,90.0
2962,20,17,4,80.0
2963,12,31,4,30.0
2964,4,43,1,50.0
2965,5,7,4,80.0
2966,6,17,3,80.0
2967,3,25,3,40.0
2968,14,50,2,80.0
2969,10,38,3,40.0
2970,11,18,4,60.0
2971,18,3,4,50.0
2972,9,42,3,60.0
2973,15,22,2,80.0
2974,2,13,2,10.0
2975,4,36,3,80.0
2976,8,7,3,10.0
2977,3,44,1,10.0
2978,8,30,2,30.0
2979,5,39,4,80.0
2980,11,44,1,90.0
2981,6,8,4,20.0
2982,10,45,3,60.0
2983,13,39,2,30.0
2984,4,2,3,90.0
2985,17,15,2,50.0
2986,3,13,1,50.0
2987,19,36,3,40.0
2988,18,21,2,10.0
2989,1,44,1,50.0
2990,18,23,3,50.0
2991,2,12,1,60.0
2992,14,18,4,30.0
2993,17,13,2,80.0
2994,18,9,1,70.0
2995,5,46,3,90.0
2996,11,38,3,70.0
2997,11,50,3,80.0
2998,17,45,3,60.0
2999,16,31,1,60.0
3000,15,6,2,60.0
3001,17,23,4,40.0
3002,10,6,1,40.0
3003,3,20,1,50.0
3004,1,44,4,90.0
3005,14,9,2,10.0
3006,16,6,2,30.0
3007,14,21,2,60.0
3008,6,35,4,40.0
3009,19,2,2,90.0
3010,18,12,2,80.0
3011,18,10,4,10.0
3012,11,41,4,70.0
3013,7,10,2,90.0
3014,9,42,1,40.0
3015,2,26,4,50.0
3016,10,16,4,70.0
3017,10,15,1,60.0
3018,3,49,2,50.0
3019,2,49,2,50.0
3020,12,14,1,60.0
3021,16,14,3,90.0
3022,7,30,2,50.0
3023,17,5,1,20.0
3024,5,1,3,30.0
3025,16,45,4,10.0
3026,19,26,1,60.0
3027,14,45,2,80.0
3028,4,11,3,50.0
3029,5,37,2,90.0
3030,3,43,2,40.0
3031,15,32,1,60.0
3032,2,1,1,40.0
3033,14,41,3,60.0
3034,7,25,4,20.0
3035,6,40,2,40.0
3036,3,30,1,50.0
3037,13,27,4,90.0
3038,12,11,3,10.0
3039,5,36,3,30.0
3040,2,41,2,90.0
3041,13,32,1,50.0
3042,15,29,2,40.0
3043,13,43,1,70.0
3044,17,41,1,80.0
3045,3,8,2,90.0
3046,19,21,1,40.0
3047,10,18,1,50.0
3048,2,4,3,20.0
3049,17,31,4,10.0
3050,3,34,1,70.0
3051,4,28,3,90.0
3052,16,26,2,20.0
3053,14,18,2,80.0
3054,17,14,1,40.0
3055,7,26,1,30.0
3056,4,46,1,90.0
3057,10,42,1,50.0
3058,13,15,3,50.0
3059,5,49,2,70.0
3060,3,35,2,60.0
3061,5,12,1,40.0
3062,7,3,3,30.0
3063,8,2,1,90.0
3064,18,32,1,80.0
3065,7,10,1,90.0
3066,4,4,4,70.0
3067,6,44,1,60.0
3068,5,33,2,20.0
3069,5,25,1,70.0
3070,2,14,1,60.0
3071,3,46,1,90.0
3072,19,18,3,60.0
3073,18,19,3,30.0
3074,11,29,3,70.0
3075,11,12,4,70.0
3076,2,20,3,20.0
3077,19,25,2,50.0
3078,19,32,1,30.0
3079,11,5,4,10.0
3080,2,8,1,80.0
3081,15,42,3,20.0
3082,11,21,1,30.0
3083,17,29,4,60.0
3084,4,4,1,40.0
3085,19,18,4,70.0
3086,12,36,1,30.0
3087,9,14,2,70.0
3088,18,8,3,10.0
3089,16,6,2,70.0
3090,13,14,2,20.0
3091,9,2,2,20.0
3092,13,11,4,40.0
3093,6,23,2,20.0
3094,20,22,2,30.0
3095,9,20,1,70.0
3096,19,3,4,90.0
3097,1,4,4,10.0
3098,19,26,4,50.0
3099,6,3,2,90.0
3100,10,43,4,70.0
3101,4,29,1,60.0
3102,10,22,4,30.0
3103,5,40,3,80.0
3104,20,22,3,60.0
3105,1,28,1,70.0
3106,1,34,1,80.0
3107,9,14,1,80.0
3108,4,31,2,90.0
3109,5,24,2,30.0
3110,4,8,3,20.0
3111,14,49,3,70.0
3112,15,25,2,10.0
3113,12,47,4,10.0
3114,15,37,3,20.0
3115,2,27,1,80.0
3116,11,7,1,40.0
3117,13,28,2,60.0
3118,11,34,2,40.0
3119,7,22,3,10.0
3120,9,12,3,80.0
3121,16,32,3,40.0
3122,7,45,4,70.0
3123,1,31,2,80.0
3124,15,16,2,10.0
3125,18,35,3,10.0
3126,14,14,3,60.0
3127,12,48,3,60.0
3128,20,18,4,40.0
3129,17,16,2,70.0
3130,4,7,2,70.0
3131,3,1,2,50.0
3132,20,15,2,50.0
3133,10,38,2,10.0
3134,5,34,1,10.0
3135,18,49,1,50.0
3136,12,29,2,90.0
3137,3,49,2,80.0
3138,14,17,1,30.0
3139,5,5,4,60.0
3140,12,19,3,20.0
3141,19,26,4,80.0
3142,2,36,4,60.0
3143,16,14,2,30.0
3144,10,24,1,10.0
3145,5,35,2,30.0
3146,5,29,3,50.0
3147,7,49,2,60.0
3148,16,12,4,90.0
3149,7,26,2,30.0
3150,2,22,4,60.0
3151,8,27,4,40.0
3152,4,38,4,40.0
3153,5,3,3,50.0
3154,6,29,4,80.0
3155,8,47,4,40.0
3156,13,2,2,80.0
3157,20,1,1,80.0
3158,19,19,1,80.0
3159,6,46,1,40.0
3160,13,14,1,20.0
3161,5,48,4,20.0
3162,12,45,3,90.0
3163,13,41,4,50.0
3164,17,7,3,70.0
3165,3,48,3,60.0
3166,6,32,4,30.0
3167,7,11,4,70.0
3168,4,16,1,60.0
3169,3,48,4,60.0
3170,5,20,1,10.0
3171,5,31,1,20.0
3172,8,7,4,90.0
3173,9,20,2,20.0
3174,2,38,4,50.0
3175,11,34,2,60.0
3176,6,30,2,70.0
3177,7,41,2,10.0
3178,13,5,3,50.0
3179,10,46,4,20.0
3180,4,29,2,50.0
3181,1,8,1,80.0
3182,4,42,1,30.0
3183,3,10,1,30.0
3184,14,48,4,20.0
3185,14,6,2,80.0
3186,4,22,4,50.0
3187,1,40,3,80.0
3188,4,7,4,10.0
3189,18,12,1,30.0
3190,19,47,2,60.0
3191,3,39,3,50.0
3192,4,10,1,50.0
3193,13,49,4,60.0
3194,11,39,4,10.0
3195,2,2,2,90.0
3196,10,49,4,20.0
3197,8,41,1,90.0
3198,8,6,4,10.0
3199,16,48,2,60.0
3200,1,16,1,70.0
3201,13,15,1,10.0
3202,18,43,1,30.0
3203,15,12,2,70.0
3204,1,47,4,60.0
3205,4,48,4,20.0
3206,10,23,2,40.0
3207,7,38,4,40.0
3208,3,2,1,10.0
3209,20,29,1,50.0
3210,2,26,1,20.0
3211,6,43,3,50.0
3212,5,26,3,70.0
3213,13,6,2,90.0
3214,13,8,3,80.0
3215,4,23,4,60.0
3216,12,3,4,60.0
3217,16,38,4,70.0
3218,17,45,4,40.0
3219,14,36,3,50.0
3220,7,1,1,40.0
3221,3,13,1,30.0
3222,4,38,2,70.0
3223,19,19,3,80.0
3224,12,12,2,20.0
3225,9,38,4,50.0
3226,19,36,3,60.0
3227,3,36,3,50.0
3228,19,47,3,10.0
3229,7,28,3,50.0
3230,11,4,2,30.0
3231,6,49,2,50.0
3232,19,30,4,80.0
3233,1,2,1,50.0
3234,17,11,2,90.0
3235,11,30,2,20.0
3236,13,33,1,90.0
3237,9,44,4,60.0
3238,3,5,1,10.0
3239,10,28,2,50.0
3240,2,43,3,40.0
3241,2,16,3,50.0
3242,2,43,2,10.0
3243,14,3,3,60.0
3244,17,2,2,50.0
3245,3,25,2,30.0
3246,9,4,2,10.0
3247,12,28,2,50.0
3248,16,15,1,40.0
3249,6,32,3,50.0
3250,9,9,3,50.0
3251,8,42,4,60.0
3252,12,15,4,90.0
3253,1,3,2,60.0
3254,18,10,2,60.0
3255,17,7,4,50.0
3256,7,35,4,20.0
3257,18,8,1,40.0
3258,13,25,2,50.0
3259,16,1,4,60.0
3260,6,28,2,70.0
3261,14,11,3,60.0
3262,17,43,3,20.0
3263,9,16,3,20.0
3264,18,12,3,40.0
3265,20,42,4,60.0
3266,19,1,4,90.0
3267,20,21,2,70.0
3268,6,41,4,90.0
3269,18,17,1,10.0
3270,8,39,3,50.0
3271,11,27,4,90.0
3272,19,47,2,70.0
3273,9,48,3,70.0
3274,19,2,2,30.0
3275,11,38,1,80.0
3276,4,12,3,60.0
3277,10,12,4,80.0
3278,12,19,1,40.0
3279,1,30,2,10.0
3280,9,6,1,20.0
3281,8,10,2,50.0
3282,11,49,4,10.0
3283,11,30,3,70.0
3284,2,18,1,90.0
3285,5,5,3,80.0
3286,16,38,1,50.0
3287,11,22,4,30.0
3288,17,28,1,30.0
3289,12,36,4,60.0
3290,1,47,3,80.0
3291,13,50,4,60.0
3292,16,24,2,80.0
3293,7,48,2,50.0
3294,11,41,2,80.0
3295,1,48,1,20.0
3296,6,19,2,20.0
3297,9,25,1,40.0
3298,8,22,4,60.0
3299,13,5,4,50.0
3300,18,19,1,90.0
3301,18,2,4,60.0
3302,10,26,4,60.0
3303,3,41,4,60.0
3304,19,5,1,20.0
3305,6,48,3,60.0
3306,5,3,1,30.0
3307,17,50,4,10.0
3308,19,47,4,60.0
3309,4,40,3,50.0
3310,20,41,2,10.0
3311,7,29,3,80.0
3312,7,23,1,90.0
3313,9,35,4,80.0
3314,20,6,2,80.0
3315,14,9,2,10.0
3316,9,8,1,90.0
3317,7,1,3,90.0
3318,17,20,3,10.0
3319,18,10,4,60.0
3320,20,12,2,90.0
3321,14,35,3,50.0
3322,18,42,2,70.0
3323,20,47,4,40.0
3324,7,35,4,70.0
3325,13,27,2,90.0
3326,4,14,4,10.0
3327,1,1,1,40.0
3328,9,12,1,40.0
3329,5,44,1,50.0
3330,1,32,2,20.0
3331,10,36,3,10.0
3332,17,28,2,10.0
3333,18,50,4,70.0
3334,3,45,1,70.0
3335,14,18,3,80.0
3336,7,45,1,90.0
3337,4,41,4,40.0
3338,10,30,2,70.0
3339,14,1,2,50.0
3340,2,33,3,60.0
3341,16,40,2,70.0
3342,19,25,2,90.0
3343,10,17,3,70.0
3344,5,20,2,70.0
3345,16,16,3,90.0
3346,18,6,4,60.0
3347,10,35,2,70.0
3348,14,9,3,30.0
3349,2,34,2,60.0
3350,14,15,3,50.0
3351,1,25,2,30.0
3352,14,31,3,80.0
3353,9,40,4,60.0
3354,6,1,1,10.0
3355,5,35,1,80.0
3356,14,1,3,10.0
3357,20,42,1,50.0
3358,7,37,2,10.0
3359,1,24,4,10.0
3360,9,8,4,50.0
3361,9,37,2,80.0
3362,9,38,2,40.0
3363,18,23,2,70.0
3364,10,39,2,90.0
3365,12,43,3,70.0
3366,10,15,1,90.0
3367,19,10,3,10.0
3368,18,4,1,60.0
3369,6,16,2,90.0
3370,2,20,1,50.0
3371,10,45,2,20.0
3372,10,29,4,20.0
3373,8,7,3,80.0
3374,18,26,2,30.0
3375,8,13,3,60.0
3376,16,29,4,50.0
3377,14,10,1,20.0
3378,2,46,4,20.0
3379,16,22,1,10.0
3380,18,2,2,10.0
3381,11,20,1,50.0
3382,4,5,3,80.0
3383,12,46,1,20.0
3384,14,38,1,10.0
3385,1,4,4,90.0
3386,16,34,3,90.0
3387,1,7,2,40.0
3388,7,27,1,90.0
3389,4,37,3,20.0
3390,13,41,1,30.0
3391,20,46,4,10.0
3392,4,3,2,60.0
3393,18,24,3,80.0
3394,12,44,2,90.0
3395,9,32,2,70.0
3396,13,5,1,90.0
3397,11,36,2,90.0
3398,12,5,2,70.0
3399,9,45,2,20.0
3400,19,40,4,10.0
3401,3,24,1,50.0
3402,1,3,3,40.0
3403,15,16,4,50.0
3404,19,6,1,90.0
3405,7,11,1,30.0
3406,14,7,2,60.0
3407,18,5,4,20.0
3408,18,38,4,80.0
3409,8,31,4,50.0
3410,8,38,1,70.0
3411,13,2,1,80.0
3412,5,32,1,50.0
3413,9,47,1,40.0
3414,10,23,3,70.0
3415,19,40,3,20.0
3416,11,16,1,80.0
3417,9,46,4,70.0
3418,2,35,3,70.0
3419,7,15,4,60.0
3420,1,49,1,20.0
3421,2,46,1,90.0
3422,16,14,1,40.0
3423,9,18,3,60.0
3424,7,31,3,70.0
3425,6,2,3,90.0
3426,2,18,3,10.0
3427,2,10,2,60.0
3428,15,14,4,30.0
3429,18,8,1,80.0
3430,3,29,4,20.0
3431,15,3,2,90.0
3432,18,20,3,60.0
3433,7,17,2,40.0
3434,8,8,2,50.0
3435,8,6,1,30.0
3436,9,31,2,40.0
3437,9,47,4,50.0
3438,3,21,4,90.0
3439,2,24,2,80.0
3440,16,46,1,60.0
3441,12,15,1,60.0
3442,8,29,4,10.0
3443,11,34,1,10.0
3444,7,50,3,80.0
3445,20,39,3,30.0
3446,10,28,2,60.0
3447,18,35,1,70.0
3448,16,44,3,30.0
3449,10,9,1,30.0
3450,13,50,1,50.0
3451,18,13,1,40.0
3452,6,35,4,10.0
3453,17,44,1,90.0
3454,12,50,4,30.0
3455,10,42,3,40.0
3456,2,12,2,70.0
3457,8,23,2,90.0
3458,6,21,4,50.0
3459,6,36,4,70.0
3460,6,6,1,30.0
3461,4,5,3,20.0
3462,4,29,2,50.0
3463,19,32,4,40.0
3464,11,49,2,90.0
3465,13,47,2,80.0
3466,8,38,2,70.0
3467,5,43,4,20.0
3468,16,34,3,90.0
3469,13,26,3,40.0
3470,9,3,3,70.0
3471,19,2,3,20.0
3472,11,37,4,80.0
3473,5,20,4,30.0
3474,18,33,4,50.0
3475,7,14,4,70.0
3476,3,32,1,20.0
3477,11,24,4,10.0
3478,1,37,4,20.0
3479,6,35,3,70.0
3480,19,29,1,20.0
3481,14,9,1,60.0
3482,18,46,4,40.0
3483,1,25,2,70.0
3484,5,24,2,90.0
3485,5,21,4,70.0
3486,9,14,2,20.0
3487,18,15,4,50.0
3488,1,19,3,10.0
3489,2,41,1,70.0
3490,14,35,2,60.0
3491,10,47,3,80.0
3492,3,16,4,10.0
3493,9,18,1,30.0
3494,17,50,2,60.0
3495,19,3,4,20.0
3496,11,1,3,30.0
3497,10,20,3,50.0
3498,15,46,3,60.0
3499,10,3,3,80.0
3500,15,46,2,30.0
3501,3,28,4,20.0
3502,1,35,2,30.0
3503,15,12,1,60.0
3504,4,31,4,40.0
3505,4,8,3,20.0
3506,5,19,2,70.0
3507,16,33,1,50.0
3508,7,26,1,40.0
3509,12,11,1,90.0
3510,4,32,1,70.0
3511,17,28,1,60.0
3512,7,25,3,70.0
3513,2,4,3,60.0
3514,16,47,4,80.0
3515,18,32,1,90.0
3516,4,32,1,70.0
3517,1,47,1,20.0
3518,4,50,1,50.0
3519,5,20,1,10.0
3520,6,37,2,90.0
3521,13,48,3,90.0
3522,14,24,4,10.0
3523,19,1,4,20.0
3524,18,26,3,40.0
3525,9,17,4,40.0
3526,6,50,3,40.0
3527,8,17,4,20.0
3528,16,27,3,60.0
3529,6,16,4,60.0
3530,2,24,1,70.0
3531,12,18,3,20.0
3532,7,19,2,50.0
3533,13,29,3,30.0
3534,16,26,4,40.0
3535,19,19,1,30.0
3536,12,41,4,20.0
3537,16,31,2,90.0
3538,11,37,3,20.0
3539,16,35,4,80.0
3540,9,50,1,50.0
3541,17,35,1,70.0
3542,3,44,2,20.0
3543,10,3,4,50.0
3544,3,23,4,90.0
3545,8,10,1,60.0
3546,14,27,4,90.0
3547,7,18,3,40.0
3548,14,30,4,60.0
3549,20,27,1,10.0
3550,2,6,3,20.0
3551,3,5,3,20.0
3552,11,16,1,30.0
3553,17,45,2,70.0
3554,4,11,1,20.0
3555,15,46,2,40.0
3556,20,35,4,70.0
3557,9,39,1,60.0
3558,11,31,2,30.0
3559,4,50,2,10.0
3560,18,16,4,60.0
3561,2,25,2,20.0
3562,20,40,3,40.0
3563,16,5,1,80.0
3564,18,30,4,40.0
3565,13,13,1,40.0
3566,6,15,4,50.0
3567,14,44,2,60.0
3568,16,18,2,60.0
3569,14,18,1,30.0
3570,9,46,1,10.0
3571,20,23,2,50.0
3572,9,47,2,40.0
3573,18,45,1,50.0
3574,15,39,2,60.0
3575,14,23,2,70.0
3576,3,3,3,40.0
3577,17,48,4,10.0
3578,15,47,3,70.0
3579,8,47,4,10.0
3580,18,11,3,80.0
3581,7,40,1,70.0
3582,6,14,3,90.0
3583,9,38,3,30.0
3584,15,33,2,20.0
3585,18,14,4,70.0
3586,7,22,4,70.0
3587,1,28,3,40.0
3588,17,31,4,40.0
3589,10,11,1,60.0
3590,7,7,2,20.0
3591,9,16,4,70.0
3592,10,12,2,20.0
3593,10,40,2,50.0
3594,18,15,4,10.0
3595,1,39,1,10.0
3596,19,39,4,40.0
3597,14,31,1,30.0
3598,14,3,3,10.0
3599,10,4,3,20.0
3600,8,3,3,70.0
3601,9,17,3,90.0
3602,2,1,3,90.0
3603,15,32,4,30.0
3604,11,34,1,30.0
3605,19,14,2,10.0
3606,13,3,4,40.0
3607,2,41,3,50.0
3608,4,33,3,80.0
3609,18,30,1,70.0
3610,18,45,3,20.0
3611,18,48,4,40.0
3612,5,13,2,20.0
3613,20,35,1,10.0
3614,7,13,4,30.0
3615,15,44,1,60.0
3616,17,46,2,90.0
3617,12,42,1,20.0
3618,12,49,2,40.0
3619,9,28,3,10.0
3620,12,50,1,20.0
3621,3,32,3,40.0
3622,13,16,3,10.0
3623,2,23,4,90.0
3624,9,15,1,60.0
3625,6,5,4,20.0
3626,15,43,3,70.0
3627,3,46,1,80.0
3628,12,40,4,70.0
3629,17,37,3,70.0
3630,3,39,2,20.0
3631,15,19,1,90.0
3632,17,45,4,80.0
3633,12,27,1,50.0
3634,8,28,1,20.0
3635,5,3,2,50.0
3636,20,26,3,20.0
3637,7,30,4,30.0
3638,3,28,1,30.0
3639,9,50,2,80.0
3640,14,48,4,80.0
3641,7,21,3,40.0
3642,19,6,2,30.0
3643,16,49,3,50.0
3644,16,34,1,30.0
3645,9,3,1,30.0
3646,8,19,1,40.0
3647,1,10,2,20.0
3648,17,43,3,30.0
3649,14,46,1,90.0
3650,10,46,2,50.0
3651,17,35,1,20.0
3652,16,17,2,70.0
3653,16,1,1,90.0
3654,16,18,2,60.0
3655,8,31,3,20.0
3656,12,11,2,50.0
3657,12,42,1,70.0
3658,5,33,2,20.0
3659,13,16,1,80.0
3660,12,10,4,50.0
3661,6,21,2,80.0
3662,12,44,3,80.0
3663,4,42,4,30.0
3664,1,13,3,30.0
3665,5,12,3,10.0
3666,15,45,1,10.0
3667,6,40,4,50.0
3668,19,7,3,30.0
3669,14,46,2,90.0
3670,4,34,1,30.0
3671,12,17,4,40.0
3672,20,14,1,80.0
3673,2,23,4,50.0
3674,13,30,1,90.0
3675,11,17,2,10.0
3676,18,43,3,50.0
3677,11,6,4,50.0
3678,10,3,4,30.0
3679,10,9,1,90.0
3680,12,30,1,10.0
3681,11,30,3,30.0
3682,19,36,4,20.0
3683,3,7,2,80.0
3684,11,46,2,30.0
3685,2,48,4,80.0
3686,10,19,3,20.0
3687,3,3,3,60.0
3688,11,9,4,40.0
3689,7,48,1,50.0
3690,20,29,1,30.0
3691,16,16,1,90.0
3692,16,50,1,20.0
3693,9,36,2,30.0
3694,5,42,1,90.0
3695,6,34,4,20.0
3696,11,13,1,20.0
3697,16,43,4,30.0
3698,4,50,4,60.0
3699,7,24,2,50.0
3700,15,2,3,50.0
3701,19,19,3,70.0
3702,18,24,4,70.0
3703,11,22,2,20.0
3704,14,35,2,60.0
3705,19,24,1,30.0
3706,7,3,1,30.0
3707,15,47,2,20.0
3708,7,49,1,60.0
3709,8,40,1,60.0
3710,6,25,3,90.0
3711,18,14,2,50.0
3712,9,40,3,70.0
3713,17,27,2,60.0
3714,14,45,1,20.0
3715,14,10,1,10.0
3716,3,3,3,20.0
3717,8,1,1,80.0
3718,3,37,3,40.0
3719,7,3,4,50.0
3720,13,47,1,10.0
3721,18,29,1,10.0
3722,20,35,1,50.0
3723,20,19,2,40.0
3724,11,8,4,60.0
3725,3,19,1,20.0
3726,6,27,3,10.0
3727,4,2,3,10.0
3728,18,26,3,30.0
3729,7,50,3,40.0
3730,12,12,3,30.0
3731,1,18,1,10.0
3732,12,1,3,70.0
3733,12,2,1,50.0
3734,7,12,1,30.0
3735,10,15,3,70.0
3736,4,36,1,90.0
3737,15,47,4,60.0
3738,7,14,4,90.0
3739,7,32,1,90.0
3740,1,25,4,30.0
3741,4,33,3,90.0
3742,16,46,4,80.0
3743,2,31,4,60.0
3744,13,25,3,60.0
3745,6,19,3,40.0
3746,9,15,3,70.0
3747,20,15,3,40.0
3748,9,21,2,50.0
3749,12,10,4,70.0
3750,6,40,1,30.0
3751,19,17,4,80.0
3752,12,21,3,40.0
3753,2,8,3,90.0
3754,5,39,3,70.0
3755,19,3,4,50.0
3756,4,35,3,40.0
3757,1,27,3,90.0
3758,4,39,3,50.0
3759,4,43,1,10.0
3760,10,27,1,40.0
3761,17,42,3,10.0
3762,11,9,4,10.0
3763,3,42,4,40.0
3764,12,38,1,40.0
3765,11,29,4,40.0
3766,4,43,1,40.0
3767,18,43,4,60.0
3768,2,40,2,90.0
3769,12,22,4,30.0
3770,20,42,4,10.0
3771,18,47,1,80.0
3772,9,49,1,60.0
3773,6,32,4,10.0
3774,4,37,1,60.0
3775,3,46,2,50.0
3776,12,26,4,20.0
3777,16,19,2,50.0
3778,8,28,3,60.0
3779,10,16,3,20.0
3780,20,48,2,80.0
3781,19,25,3,30.0
3782,19,20,1,80.0
3783,3,1,3,70.0
3784,6,43,3,30.0
3785,14,30,3,20.0
3786,18,7,4,40.0
3787,1,39,2,50.0
3788,20,25,2,80.0
3789,12,10,1,70.0
3790,15,6,1,70.0
3791,17,24,4,90.0
3792,12,17,3,70.0
3793,13,28,3,90.0
3794,8,1,4,70.0
3795,15,37,1,30.0
3796,7,5,2,70.0
3797,7,34,4,70.0
3798,8,33,4,10.0
3799,14,42,3,10.0
3800,12,32,3,70.0
3801,11,49,1,30.0
3802,16,30,4,30.0
3803,12,46,4,40.0
3804,12,30,3,70.0
3805,11,36,3,50.0
3806,1,30,1,30.0
3807,8,47,1,30.0
3808,17,5,4,20.0
3809,18,31,2,10.0
3810,4,27,1,50.0
3811,1,45,4,10.0
3812,17,50,2,60.0
3813,16,7,3,10.0
3814,1,5,3,10.0
3815,16,30,1,80.0
3816,2,42,1,10.0
3817,13,12,3,10.0
3818,6,31,3,60.0
3819,9,23,4,30.0
3820,8,6,2,80.0
3821,5,37,1,60.0
3822,12,33,4,10.0
3823,9,44,3,40.0
3824,11,21,3,30.0
3825,5,4,2,20.0
3826,19,33,4,60.0
3827,13,16,3,60.0
3828,1,37,4,90.0
3829,11,22,3,90.0
3830,4,22,1,10.0
3831,11,31,2,40.0
3832,8,24,3,60.0
3833,13,37,4,20.0
3834,1,50,2,50.0
3835,19,37,2,10.0
3836,7,28,3,60.0
3837,11,40,4,80.0
3838,15,33,2,20.0
3839,6,48,4,90.0
3840,3,1,4,80.0
3841,2,17,4,70.0
3842,16,30,2,50.0
3843,17,24,4,90.0
3844,14,12,4,90.0
3845,11,26,3,20.0
3846,17,37,2,10.0
3847,18,12,2,90.0
3848,3,2,4,90.0
3849,10,20,3,90.0
3850,3,44,3,10.0
3851,18,32,4,80.0
3852,17,47,3,60.0
3853,4,14,1,30.0
3854,17,5,1,40.0
3855,4,24,1,70.0
3856,15,21,4,30.0
3857,10,3,1,80.0
3858,3,11,1,30.0
3859,10,24,2,20.0
3860,5,25,2,70.0
3861,17,16,3,50.0
3862,3,17,2,70.0
3863,8,41,2,70.0
3864,8,18,3,20.0
3865,12,24,3,50.0
3866,13,18,3,70.0
3867,9,15,2,60.0
3868,17,28,1,80.0
3869,20,21,3,10.0
3870,20,13,2,60.0
3871,2,37,1,20.0
3872,6,35,3,20.0
3873,5,38,4,30.0
3874,3,6,4,10.0
3875,4,39,1,90.0
3876,6,13,3,40.0
3877,3,24,1,70.0
3878,11,38,3,70.0
3879,11,25,1,60.0
3880,6,1,1,20.0
3881,11,1,4,90.0
3882,13,49,3,40.0
3883,5,28,4,30.0
3884,12,39,2,50.0
3885,19,12,2,80.0
3886,15,48,1,90.0
3887,17,8,3,30.0
3888,12,45,4,30.0
3889,8,2,3,20.0
3890,1,29,1,50.0
3891,11,14,4,50.0
3892,3,34,3,40.0
3893,5,28,2,90.0
3894,8,8,4,50.0
3895,10,27,2,60.0
3896,19,46,1,50.0
3897,10,20,3,40.0
3898,20,11,4,40.0
3899,16,44,4,50.0
3900,12,9,1,70.0
3901,19,22,4,40.0
3902,4,46,2,60.0
3903,5,47,4,10.0
3904,19,34,4,20.0
3905,17,18,2,50.0
3906,4,7,3,40.0
3907,7,44,4,80.0
3908,14,10,4,90.0
3909,14,25,4,80.0
3910,18,39,2,30.0
3911,5,7,4,10.0
3912,2,40,4,90.0
3913,11,28,1,80.0
3914,16,4,1,80.0
3915,7,10,3,80.0
3916,7,42,3,80.0
3917,11,33,1,90.0
3918,15,35,2,90.0
3919,13,15,2,70.0
3920,15,1,1,50.0
3921,10,14,3,50.0
3922,15,1,1,30.0
3923,2,10,1,70.0
3924,20,42,4,90.0
3925,2,48,2,80.0
3926,12,44,3,30.0
3927,10,40,1,20.0
3928,7,18,4,10.0
3929,13,32,3,50.0
3930,2,47,3,70.0
3931,9,23,2,60.0
3932,8,33,3,60.0
3933,6,43,3,40.0
3934,10,29,4,40.0
3935,9,26,4,60.0
3936,14,16,2,40.0
3937,7,43,2,70.0
3938,5,20,3,40.0
3939,9,43,2,20.0
3940,13,47,4,50.0
3941,2,16,4,80.0
3942,12,3,1,70.0
3943,16,45,2,60.0
3944,10,41,1,60.0
3945,8,6,2,90.0
3946,2,14,1,20.0
3947,17,1,4,60.0
3948,16,17,4,10.0
3949,2,3,3,20.0
3950,17,39,1,30.0
3951,9,40,1,90.0
3952,18,3,2,50.0
3953,11,34,2,80.0
3954,15,39,4,70.0
3955,10,7,1,40.0
3956,14,47,4,30.0
3957,18,33,4,10.0
3958,2,2,4,30.0
3959,6,45,4,90.0
3960,9,39,2,70.0
3961,11,8,1,70.0
3962,14,33,1,80.0
3963,7,44,2,60.0
3964,8,8,2,50.0
3965,20,37,4,90.0
3966,11,42,2,80.0
3967,2,30,4,50.0
3968,12,22,3,10.0
3969,16,24,4,40.0
3970,13,15,2,30.0
3971,12,26,3,70.0
3972,12,44,3,50.0
3973,5,11,4,20.0
3974,10,35,2,10.0
3975,7,9,4,50.0
3976,5,3,4,30.0
3977,5,25,4,80.0
3978,1,17,2,10.0
3979,6,42,4,20.0
3980,12,2,1,40.0
3981,1,41,3,60.0
3982,16,7,2,50.0
3983,2,42,3,40.0
3984,5,3,4,60.0
3985,8,50,1,40.0
3986,18,18,4,30.0
3987,4,38,1,70.0
3988,4,18,4,40.0
3989,5,44,4,70.0
3990,5,7,2,20.0
3991,6,27,4,60.0
3992,3,29,2,80.0
3993,11,18,4,80.0
3994,20,3,2,30.0
3995,18,9,1,90.0
3996,10,17,2,40.0
3997,16,32,2,10.0
3998,13,7,1,10.0
3999,12,39,2,20.0
4000,1,24,2,80.0
4001,8,41,3,90.0
4002,14,41,1,20.0
4003,10,3,4,60.0
4004,15,19,4,60.0
4005,5,39,4,50.0
4006,9,40,3,80.0
4007,8,1,4,90.0
4008,14,27,2,50.0
4009,14,4,1,50.0
4010,14,35,3,90.0
4011,6,1,2,60.0
4012,3,42,1,30.0
4013,1,10,1,40.0
4014,11,23,4,10.0
4015,8,35,4,80.0
4016,14,37,1,40.0
4017,17,41,1,50.0
4018,13,45,1,30.0
4019,19,28,3,40.0
4020,9,15,2,40.0
4021,2,48,1,30.0
4022,19,21,2,20.0
4023,7,3,3,50.0
4024,6,33,2,70.0
4025,5,5,1,20.0
4026,14,44,1,80.0
4027,16,26,3,40.0
4028,13,16,4,70.0
4029,18,7,2,70.0
4030,20,44,3,40.0
4031,6,2,3,20.0
4032,7,34,3,60.0
4033,20,13,4,90.0
4034,5,3,3,90.0
4035,17,24,2,30.0
4036,2,34,3,30.0
4037,12,27,2,20.0
4038,15,2,2,50.0
4039,7,10,1,80.0
4040,3,43,1,70.0
4041,16,23,4,20.0
4042,3,13,2,80.0
4043,18,19,2,50.0
4044,13,28,4,60.0
4045,20,50,3,30.0
4046,1,43,1,80.0
4047,10,5,3,70.0
4048,12,22,4,60.0
4049,18,14,1,40.0
4050,10,39,4,80.0
4051,20,13,2,80.0
4052,1,11,4,60.0
4053,12,46,4,50.0
4054,2,26,1,80.0
4055,11,39,1,40.0
4056,9,44,1,60.0
4057,16,12,2,60.0
4058,2,34,1,60.0
4059,19,40,4,10.0
4060,20,11,4,60.0
4061,16,16,2,90.0
4062,7,5,2,10.0
4063,4,49,3,80.0
4064,12,31,1,80.0
4065,17,50,4,60.0
4066,9,28,3,40.0
4067,6,5,3,20.0
4068,3,24,2,40.0
4069,17,3,3,70.0
4070,1,49,2,60.0
4071,16,40,4,50.0
4072,10,41,4,10.0
4073,4,23,2,80.0
4074,12,36,3,10.0
4075,7,22,1,80.0
4076,13,41,3,80.0
4077,6,32,3,30.0
4078,18,9,2,90.0
4079,5,11,3,90.0
4080,7,34,2,50.0
4081,20,41,3,60.0
4082,3,31,2,20.0
4083,16,38,1,50.0
4084,12,48,1,70.0
4085,4,3,1,40.0
4086,3,41,3,90.0
4087,15,42,1,50.0
4088,15,2,2,80.0
4089,5,7,4,30.0
4090,14,5,1,70.0
4091,3,20,2,40.0
4092,8,17,4,90.0
4093,5,19,1,40.0
4094,10,15,2,40.0
4095,9,35,2,30.0
4096,18,49,1,30.0
4097,1,41,2,70.0
4098,6,2,3,80.0
4099,4,22,4,20.0
4100,13,3,2,30.0
4101,1,1,4,30.0
4102,1,26,1,40.0
4103,20,42,4,60.0
4104,20,44,4,50.0
4105,7,49,3,60.0
4106,20,26,1,40.0
4107,13,19,4,30.0
4108,14,11,3,40.0
4109,7,21,1,60.0
4110,17,6,3,50.0
4111,18,23,1,70.0
4112,17,12,3,70.0
4113,2,41,4,50.0
4114,5,46,4,20.0
4115,20,23,4,70.0
4116,17,1,2,90.0
4117,4,38,2,10.0
4118,10,31,3,60.0
4119,11,29,3,60.0
4120,19,35,4,70.0
4121,3,35,2,70.0
4122,1,18,1,60.0
4123,19,50,2,10.0
4124,1,23,3,50.0
4125,14,39,2,30.0
4126,14,20,2,30.0
4127,8,17,1,90.0
4128,20,40,3,90.0
4129,3,41,2,50.0
4130,20,34,2,20.0
4131,16,5,2,60.0
4132,6,47,3,70.0
4133,19,30,2,70.0
4134,13,6,2,70.0
4135,6,39,4,60.0
4136,11,17,3,80.0
4137,18,35,3,80.0
4138,16,29,1,50.0
4139,9,42,2,70.0
4140,2,50,4,90.0
4141,15,28,3,70.0
4142,2,43,3,30.0
4143,15,36,3,50.0
4144,18,48,1,50.0
4145,18,1,1,40.0
4146,1,41,1,80.0
4147,19,40,3,60.0
4148,18,13,2,40.0
4149,6,27,1,40.0
4150,4,35,1,30.0
4151,16,28,2,30.0
4152,16,41,4,90.0
4153,7,46,1,60.0
4154,8,9,4,30.0
4155,7,41,1,30.0
4156,7,26,4,40.0
4157,16,10,1,30.0
4158,12,18,2,50.0
4159,19,44,2,50.0
4160,15,32,1,50.0
4161,4,50,3,70.0
4162,20,50,4,10.0
4163,6,41,2,50.0
4164,9,38,1,50.0
4165,15,24,1,90.0
4166,7,13,1,80.0
4167,14,46,1,80.0
4168,7,48,4,90.0
4169,16,2,4,40.0
4170,6,34,3,10.0
4171,11,18,3,20.0
4172,11,47,4,50.0
4173,8,43,1,10.0
4174,1,9,3,70.0
4175,18,12,4,40.0
4176,16,25,3,50.0
4177,16,48,3,80.0
4178,16,49,2,50.0
4179,20,46,3,90.0
4180,15,33,3,20.0
4181,1,49,4,90.0
4182,11,47,1,10.0
4183,1,15,2,50.0
4184,18,2,2,80.0
4185,16,32,3,50.0
4186,3,11,1,30.0
4187,8,32,3,20.0
4188,7,30,2,30.0
4189,13,31,1,40.0
4190,11,44,4,30.0
4191,20,43,2,80.0
4192,16,25,2,80.0
4193,4,41,2,50.0
4194,6,32,2,50.0
4195,5,7,3,10.0
4196,2,45,4,30.0
4197,18,14,4,70.0
4198,7,22,2,50.0
4199,3,21,2,20.0
4200,12,6,1,50.0
4201,3,18,3,20.0
4202,4,3,1,20.0
4203,3,29,2,90.0
4204,16,20,4,20.0
4205,12,30,2,20.0
4206,14,16,1,90.0
4207,3,8,1,60.0
4208,16,6,2,90.0
4209,14,31,3,10.0
4210,2,41,4,80.0
4211,6,12,3,90.0
4212,11,9,2,40.0
4213,8,14,4,90.0
4214,4,33,4,10.0
4215,11,12,1,40.0
4216,3,15,4,70.0
4217,19,41,3,40.0
4218,5,12,4,90.0
4219,12,42,2,30.0
4220,2,13,3,40.0
4221,10,28,4,20.0
4222,9,11,4,60.0
4223,7,43,1,30.0
4224,8,15,1,30.0
4225,16,21,4,80.0
4226,10,33,2,80.0
4227,13,25,2,60.0
4228,10,24,3,60.0
4229,8,18,4,40.0
4230,16,32,1,10.0
4231,7,24,4,80.0
4232,10,22,4,50.0
4233,8,37,1,50.0
4234,3,50,2,90.0
4235,18,29,3,20.0
4236,3,28,4,30.0
4237,6,6,4,50.0
4238,3,49,3,70.0
4239,2,3,4,40.0
4240,3,41,1,50.0
4241,14,22,2,50.0
4242,19,50,3,50.0
4243,13,31,2,20.0
4244,8,43,1,80.0
4245,1,14,4,90.0
4246,12,29,2,70.0
4247,2,49,2,10.0
4248,12,49,2,20.0
4249,15,11,3,30.0
4250,18,39,4,60.0
4251,14,46,2,20.0
4252,11,36,3,40.0
4253,19,23,3,70.0
4254,16,47,1,70.0
4255,12,3,2,70.0
4256,18,47,1,50.0
4257,3,12,1,80.0
4258,13,7,4,20.0
4259,6,48,2,30.0
4260,3,29,3,20.0
4261,11,37,1,20.0
4262,3,50,1,80.0
4263,17,35,2,50.0
4264,6,45,1,50.0
4265,16,49,4,70.0
4266,12,3,4,60.0
4267,1,6,1,70.0
4268,11,41,2,10.0
4269,10,32,2,40.0
4270,16,7,1,40.0
4271,5,44,4,90.0
4272,10,28,4,60.0
4273,11,45,4,10.0
4274,10,9,1,20.0
4275,3,28,2,70.0
4276,19,23,2,30.0
4277,17,3,1,70.0
4278,13,48,3,70.0
4279,19,12,3,90.0
4280,5,21,2,70.0
4281,17,13,3,30.0
4282,14,20,1,90.0
4283,12,29,1,60.0
4284,4,28,1,20.0
4285,16,8,4,20.0
4286,11,7,1,10.0
4287,11,6,3,80.0
4288,5,38,1,90.0
4289,15,38,3,60.0
4290,16,42,4,50.0
4291,19,3,3,40.0
4292,10,41,4,80.0
4293,10,1,2,60.0
4294,1,9,2,40.0
4295,5,39,2,70.0
4296,18,36,3,70.0
4297,18,11,4,90.0
4298,6,23,3,20.0
4299,2,45,1,70.0
4300,3,31,4,60.0
4301,17,11,3,40.0
4302,13,12,2,80.0
4303,10,13,4,50.0
4304,18,8,3,90.0
4305,20,10,3,90.0
4306,5,7,3,20.0
4307,18,50,4,50.0
4308,2,48,4,20.0
4309,2,43,3,10.0
4310,13,16,4,10.0
4311,14,19,4,70.0
4312,16,10,3,70.0
4313,19,35,3,30.0
4314,7,42,3,70.0
4315,9,10,3,10.0
4316,20,18,3,70.0
4317,17,18,2,60.0
4318,10,5,1,50.0
4319,10,26,2,20.0
4320,4,36,4,50.0
4321,3,28,3,20.0
4322,10,7,1,30.0
4323,10,40,2,90.0
4324,8,20,1,30.0
4325,20,10,2,50.0
4326,19,35,1,60.0
4327,20,5,4,50.0
4328,6,4,1,70.0
4329,12,6,2,40.0
4330,17,22,3,80.0
4331,14,35,1,20.0
4332,6,10,3,20.0
4333,3,23,2,30.0
4334,14,50,2,20.0
4335,10,32,1,80.0
4336,11,3,3,40.0
4337,5,41,4,30.0
4338,15,43,4,60.0
4339,12,22,2,70.0
4340,16,35,2,30.0
4341,14,18,1,90.0
4342,7,46,1,90.0
4343,7,19,4,50.0
4344,11,27,2,40.0
4345,9,50,1,60.0
4346,17,26,3,50.0
4347,9,39,3,30.0
4348,6,40,1,20.0
4349,1,2,1,50.0
4350,4,29,2,10.0
4351,20,24,2,80.0
4352,7,22,3,90.0
4353,20,6,2,30.0
4354,10,6,4,60.0
4355,20,28,2,80.0
4356,7,10,1,70.0
4357,9,28,2,90.0
4358,2,8,2,20.0
4359,2,31,4,10.0
4360,5,13,4,90.0
4361,10,47,1,30.0
4362,13,13,3,70.0
4363,13,28,3,90.0
4364,12,35,3,80.0
4365,12,13,4,70.0
4366,6,4,3,50.0
4367,14,22,4,90.0
4368,9,1,1,60.0
4369,1,1,2,30.0
4370,4,36,1,80.0
4371,18,1,1,60.0
4372,11,4,4,10.0
4373,4,47,2,40.0
4374,2,10,1,30.0
4375,7,14,2,60.0
4376,10,31,2,20.0
4377,8,42,2,80.0
4378,20,25,2,30.0
4379,7,21,4,70.0
4380,8,18,1,90.0
4381,7,30,1,20.0
4382,16,14,2,40.0
4383,20,21,4,30.0
4384,5,38,1,50.0
4385,15,49,3,50.0
4386,18,21,4,90.0
4387,18,43,3,20.0
4388,5,49,4,60.0
4389,6,35,1,60.0
4390,16,5,2,30.0
4391,1,42,2,90.0
4392,7,30,3,80.0
4393,10,26,3,50.0
4394,19,21,3,50.0
4395,13,8,2,50.0
4396,6,28,3,60.0
4397,20,7,4,90.0
4398,17,21,3,90.0
4399,15,12,3,80.0
4400,14,5,4,10.0
4401,6,27,4,70.0
4402,8,23,4,50.0
4403,20,29,1,50.0
4404,8,11,1,70.0
4405,9,15,3,10.0
4406,18,50,3,80.0
4407,12,37,2,40.0
4408,12,26,1,40.0
4409,13,45,1,30.0
4410,16,46,3,40.0
4411,7,39,4,10.0
4412,8,44,1,20.0
4413,1,30,1,20.0
4414,13,43,2,40.0
4415,5,23,1,70.0
4416,18,4,3,70.0
4417,19,44,3,30.0
4418,12,21,1,20.0
4419,7,45,2,80.0
4420,2,11,3,60.0
4421,7,24,4,90.0
4422,15,9,4,90.0
4423,20,42,4,70.0
4424,17,32,4,70.0
4425,5,2,2,60.0
4426,5,21,1,90.0
4427,20,46,1,30.0
4428,17,32,1,80.0
4429,2,22,1,30.0
4430,12,2,4,50.0
4431,3,6,4,20.0
4432,4,14,1,20.0
4433,13,47,2,10.0
4434,13,22,1,60.0
4435,8,41,1,40.0
4436,14,30,4,50.0
4437,18,45,4,40.0
4438,9,30,4,90.0
4439,15,29,1,90.0
4440,15,25,1,50.0
4441,6,38,3,30.0
4442,8,9,3,30.0
4443,12,32,2,40.0
4444,6,37,1,20.0
4445,9,42,3,20.0
4446,15,47,1,50.0
4447,14,4,1,10.0
4448,11,11,3,70.0
4449,9,2,3,80.0
4450,14,49,1,70.0
4451,18,3,4,50.0
4452,5,29,1,80.0
4453,17,25,1,40.0
4454,9,25,1,30.0
4455,4,3,3,90.0
4456,8,23,3,30.0
4457,13,36,1,80.0
4458,10,8,4,50.0
4459,3,47,2,30.0
4460,14,3,1,70.0
4461,20,42,3,20.0
4462,5,12,4,80.0
4463,16,3,2,80.0
4464,9,45,4,50.0
4465,10,44,1,60.0
4466,3,46,2,80.0
4467,15,21,3,40.0
4468,5,34,4,50.0
4469,5,5,2,70.0
4470,7,9,1,30.0
4471,3,42,1,40.0
4472,5,19,2,70.0
4473,19,27,3,30.0
4474,15,49,1,50.0
4475,19,50,1,50.0
4476,19,32,3,30.0
4477,1,21,2,90.0
4478,18,7,4,10.0
4479,15,18,3,70.0
4480,14,11,2,60.0
4481,17,50,2,90.0
4482,5,4,4,30.0
4483,20,50,4,30.0
4484,17,9,1,20.0
4485,8,45,3,30.0
4486,18,42,2,20.0
4487,2,1,4,80.0
4488,8,35,1,80.0
4489,13,46,3,10.0
4490,14,13,2,50.0
4491,15,9,4,40.0
4492,13,45,2,20.0
4493,5,32,2,10.0
4494,5,11,3,70.0
4495,14,3,3,50.0
4496,4,6,4,40.0
4497,13,19,3,90.0
4498,12,33,4,90.0
4499,13,22,3,30.0
4500,4,37,2,60.0
4501,1,11,2,90.0
4502,18,3,2,20.0
4503,3,33,2,90.0
4504,10,45,2,70.0
4505,7,46,2,40.0
4506,7,12,4,50.0
4507,16,37,3,20.0
4508,19,24,4,90.0
4509,10,35,1,10.0
4510,13,15,3,60.0
4511,2,26,1,10.0
4512,12,22,1,30.0
4513,19,17,2,20.0
4514,20,24,3,40.0
4515,2,16,4,40.0
4516,8,19,4,60.0
4517,14,47,3,50.0
4518,13,20,2,60.0
4519,4,32,4,30.0
4520,14,30,2,60.0
4521,16,8,2,50.0
4522,11,25,2,60.0
4523,14,43,4,40.0
4524,14,19,3,30.0
4525,20,1,2,40.0
4526,20,40,3,10.0
4527,20,12,2,70.0
4528,17,46,4,30.0
4529,13,11,4,40.0
4530,13,3,2,30.0
4531,15,31,4,10.0
4532,17,8,1,10.0
4533,13,43,3,50.0
4534,17,8,4,20.0
4535,5,40,3,70.0
4536,3,45,2,30.0
4537,20,50,2,90.0
4538,7,12,1,60.0
4539,9,39,4,70.0
4540,13,34,4,70.0
4541,20,33,4,20.0
4542,12,50,3,10.0
4543,3,29,3,90.0
4544,17,7,2,20.0
4545,11,10,3,30.0
4546,7,30,1,60.0
4547,16,25,3,40.0
4548,19,26,2,70.0
4549,12,42,2,40.0
4550,17,15,3,20.0
4551,6,40,1,90.0
4552,5,46,2,80.0
4553,15,21,2,90.0
4554,2,1,1,10.0
4555,4,27,1,20.0
4556,16,20,1,30.0
4557,20,11,2,80.0
4558,7,1,3,60.0
4559,2,39,1,30.0
4560,1,40,1,70.0
4561,14,45,4,20.0
4562,20,32,3,20.0
4563,8,8,1,70.0
4564,3,4,1,90.0
4565,8,3,2,80.0
4566,4,15,1,50.0
4567,12,15,4,20.0
4568,11,21,4,10.0
4569,15,41,1,90.0
4570,13,11,4,70.0
4571,13,17,3,60.0
4572,5,38,2,20.0
4573,16,41,1,80.0
4574,18,3,2,50.0
4575,7,20,1,40.0
4576,2,24,2,70.0
4577,13,3,3,10.0
4578,6,30,2,90.0
4579,13,7,2,90.0
4580,2,26,3,90.0
4581,20,14,3,40.0
4582,10,36,4,70.0
4583,14,44,2,30.0
4584,2,44,2,70.0
4585,2,5,1,90.0
4586,20,35,2,50.0
4587,15,3,4,70.0
4588,20,4,3,80.0
4589,17,43,2,80.0
4590,18,19,1,30.0
4591,3,8,3,60.0
4592,6,7,1,80.0
4593,11,37,3,40.0
4594,9,17,4,40.0
4595,12,23,3,40.0
4596,10,7,3,10.0
4597,9,1,1,20.0
4598,14,43,4,80.0
4599,13,50,3,80.0
4600,7,20,4,50.0
4601,8,26,1,60.0
4602,7,20,1,60.0
4603,9,6,2,60.0
4604,16,13,3,30.0
4605,8,41,1,20.0
4606,2,10,2,60.0
4607,2,14,4,80.0
4608,13,50,1,60.0
4609,12,36,1,30.0
4610,13,6,1,40.0
4611,8,13,2,30.0
4612,7,34,4,90.0
4613,16,36,1,80.0
4614,20,36,4,80.0
4615,5,13,1,60.0
4616,13,22,3,10.0
4617,1,17,2,10.0
4618,11,36,3,40.0
4619,14,30,1,80.0
4620,16,48,3,20.0
4621,9,13,4,30.0
4622,16,5,1,10.0
4623,13,35,1,50.0
4624,16,19,2,10.0
4625,9,12,3,10.0
4626,16,46,3,20.0
4627,3,5,2,80.0
4628,13,7,3,40.0
4629,19,24,4,40.0
4630,3,3,2,70.0
4631,7,4,1,40.0
4632,9,41,2,50.0
4633,12,27,2,40.0
4634,8,27,3,50.0
4635,11,29,1,90.0
4636,14,5,2,70.0
4637,12,34,2,30.0
4638,5,33,3,90.0
4639,8,47,1,60.0
4640,5,46,1,90.0
4641,12,7,3,80.0
4642,13,17,3,20.0
4643,18,42,3,70.0
4644,12,32,1,90.0
4645,10,33,3,70.0
4646,16,5,1,20.0
4647,20,43,1,50.0
4648,14,3,3,10.0
4649,10,13,3,80.0
4650,19,10,3,70.0
4651,16,1,4,70.0
4652,16,10,1,80.0
4653,18,6,1,10.0
4654,4,34,2,90.0
4655,20,4,2,60.0
4656,19,38,4,40.0
4657,10,13,2,60.0
4658,6,4,2,50.0
4659,15,24,4,30.0
4660,20,18,4,20.0
4661,20,1,3,10.0
4662,16,34,3,50.0
4663,6,20,4,40.0
4664,9,13,4,30.0
4665,15,28,1,50.0
4666,18,15,3,50.0
4667,19,4,3,10.0
4668,2,6,4,60.0
4669,7,7,2,10.0
4670,17,22,2,50.0
4671,12,45,2,80.0
4672,17,5,1,70.0
4673,16,18,2,50.0
4674,17,32,2,70.0
4675,3,6,1,50.0
4676,8,6,4,40.0
4677,18,14,4,20.0
4678,20,34,2,30.0
4679,17,16,4,80.0
4680,18,31,1,20.0
4681,2,22,1,10.0
4682,17,25,2,50.0
4683,4,13,4,60.0
4684,18,2,2,70.0
4685,4,19,1,50.0
4686,4,28,3,40.0
4687,16,5,2,70.0
4688,19,5,4,50.0
4689,9,13,2,70.0
4690,2,29,3,10.0
4691,19,29,1,40.0
4692,16,40,3,70.0
4693,17,47,3,10.0
4694,20,45,4,80.0
4695,7,2,3,50.0
4696,15,44,1,60.0
4697,10,8,1,20.0
4698,16,12,3,10.0
4699,19,29,4,50.0
4700,10,44,3,10.0
4701,1,24,2,30.0
4702,1,45,4,80.0
4703,12,5,1,60.0
4704,14,9,1,20.0
4705,2,32,2,30.0
4706,19,28,1,30.0
4707,4,24,3,50.0
4708,7,16,1,80.0
4709,14,40,4,10.0
4710,18,33,4,20.0
4711,11,41,1,10.0
4712,13,3,4,60.0
4713,11,21,4,40.0
4714,19,23,3,20.0
4715,10,12,2,70.0
4716,10,13,1,60.0
4717,14,19,1,10.0
4718,6,23,4,90.0
4719,7,18,2,70.0
4720,11,13,3,80.0
4721,2,40,1,10.0
4722,14,29,2,10.0
4723,14,12,3,30.0
4724,5,33,1,60.0
4725,15,28,2,50.0
4726,15,40,1,10.0
4727,11,15,4,60.0
4728,11,23,4,70.0
4729,19,1,1,30.0
4730,18,48,3,80.0
4731,11,31,2,30.0
4732,6,37,2,40.0
4733,13,15,4,20.0
4734,5,47,2,40.0
4735,15,35,4,10.0
4736,6,32,2,90.0
4737,19,13,1,50.0
4738,13,17,2,60.0
4739,12,16,1,30.0
4740,13,7,2,40.0
4741,15,13,3,80.0
4742,13,50,1,10.0
4743,14,38,1,60.0
4744,5,15,2,70.0
4745,12,20,1,50.0
4746,19,23,2,40.0
4747,10,32,2,20.0
4748,1,35,2,80.0
4749,2,44,2,80.0
4750,19,4,3,20.0
4751,12,6,4,90.0
4752,2,37,3,90.0
4753,4,42,4,50.0
4754,4,42,4,10.0
4755,5,30,3,70.0
4756,12,29,3,20.0
4757,6,12,2,90.0
4758,18,25,2,40.0
4759,9,25,2,70.0
4760,8,22,4,80.0
4761,7,24,1,40.0
4762,1,40,1,80.0
4763,6,41,2,40.0
4764,10,3,3,30.0
4765,3,23,4,10.0
4766,2,16,3,20.0
4767,6,19,3,60.0
4768,16,14,3,90.0
4769,16,22,3,90.0
4770,5,37,3,90.0
4771,18,36,3,30.0
4772,13,28,3,80.0
4773,10,9,4,10.0
4774,17,10,3,20.0
4775,15,27,3,10.0
4776,15,17,1,50.0
4777,5,35,1,10.0
4778,14,17,3,60.0
4779,12,31,3,70.0
4780,12,16,1,80.0
4781,18,2,1,80.0
4782,10,32,1,80.0
4783,12,41,4,50.0
4784,6,10,4,50.0
4785,15,35,3,80.0
4786,12,20,2,40.0
4787,1,24,4,30.0
4788,11,36,4,90.0
4789,17,26,3,70.0
4790,13,22,3,40.0
4791,14,4,4,90.0
4792,5,13,2,80.0
4793,13,9,4,10.0
4794,5,10,2,60.0
4795,11,6,3,50.0
4796,10,10,3,20.0
4797,6,4,2,50.0
4798,15,21,2,40.0
4799,16,9,4,90.0
4800,1,32,4,50.0
4801,18,28,4,90.0
4802,19,27,2,10.0
4803,11,29,4,40.0
4804,17,50,4,30.0
4805,15,22,1,70.0
4806,9,19,1,80.0
4807,16,8,2,90.0
4808,13,1,2,90.0
4809,11,43,1,90.0
4810,5,49,3,40.0
4811,3,31,3,50.0
4812,13,14,3,50.0
4813,5,42,3,20.0
4814,19,27,3,20.0
4815,16,42,1,90.0
4816,4,10,4,20.0
4817,19,11,4,80.0
4818,6,19,1,70.0
4819,18,5,4,80.0
4820,17,41,3,60.0
4821,4,46,1,90.0
4822,19,19,1,20.0
4823,11,3,2,30.0
4824,12,29,2,90.0
4825,15,43,2,80.0
4826,8,16,2,20.0
4827,13,4,2,50.0
4828,14,23,4,70.0
4829,13,30,4,30.0
4830,10,36,2,80.0
4831,15,2,3,90.0
4832,17,12,1,20.0
4833,20,41,2,50.0
4834,18,50,2,40.0
4835,8,26,2,80.0
4836,12,17,1,50.0
4837,10,47,1,90.0
4838,13,23,3,10.0
4839,3,20,1,80.0
4840,9,12,3,40.0
4841,14,20,2,80.0
4842,13,8,3,10.0
4843,10,11,1,10.0
4844,18,2,2,10.0
4845,19,31,1,90.0
4846,19,13,2,80.0
4847,15,26,2,50.0
4848,9,10,4,80.0
4849,14,9,1,20.0
4850,9,40,2,80.0
4851,10,20,1,10.0
4852,11,39,3,50.0
4853,1,37,1,10.0
4854,19,26,2,20.0
4855,2,31,1,30.0
4856,13,44,2,70.0
4857,12,32,1,80.0
4858,7,50,2,70.0
4859,18,26,4,10.0
4860,16,20,1,20.0
4861,18,31,4,20.0
4862,18,37,2,90.0
4863,7,35,2,80.0
4864,7,38,4,30.0
4865,15,45,2,30.0
4866,12,12,4,10.0
4867,19,37,4,70.0
4868,10,48,2,80.0
4869,16,38,3,20.0
4870,16,29,4,50.0
4871,5,9,2,60.0
4872,14,10,3,60.0
4873,18,46,3,50.0
4874,18,24,2,30.0
4875,14,34,1,90.0
4876,8,35,3,40.0
4877,11,21,3,90.0
4878,11,34,1,60.0
4879,17,35,4,70.0
4880,17,24,2,20.0
4881,1,43,1,20.0
4882,9,6,3,90.0
4883,19,37,4,70.0
4884,12,7,4,90.0
4885,2,27,4,40.0
4886,18,20,1,30.0
4887,18,18,1,40.0
4888,8,42,1,90.0
4889,18,7,4,80.0
4890,15,5,3,40.0
4891,4,3,2,70.0
4892,20,33,3,90.0
4893,18,46,4,40.0
4894,7,38,1,90.0
4895,6,41,2,90.0
4896,2,23,1,50.0
4897,10,27,2,60.0
4898,9,15,4,40.0
4899,18,39,4,40.0
4900,18,31,2,60.0
4901,5,28,1,10.0
4902,12,41,3,60.0
4903,4,33,1,20.0
4904,6,39,3,50.0
4905,15,17,3,60.0
4906,17,3,4,40.0
4907,20,36,2,10.0
4908,11,22,1,70.0
4909,9,20,4,20.0
4910,18,42,3,20.0
4911,9,20,3,50.0
4912,18,22,3,90.0
4913,1,34,1,90.0
4914,10,1,2,70.0
4915,20,14,1,90.0
4916,6,41,4,80.0
4917,3,46,2,70.0
4918,20,30,1,80.0
4919,17,29,3,30.0
4920,11,16,3,50.0
4921,14,39,1,30.0
4922,6,13,1,70.0
4923,12,9,3,80.0
4924,17,48,1,80.0
4925,17,29,3,30.0
4926,15,14,2,10.0
4927,1,21,1,80.0
4928,2,18,3,80.0
4929,19,46,3,20.0
4930,2,39,3,70.0
4931,14,49,1,50.0
4932,3,38,4,70.0
4933,11,28,1,10.0
4934,13,43,4,90.0
4935,20,26,3,90.0
4936,2,23,4,80.0
4937,15,33,3,90.0
4938,3,21,1,40.0
4939,7,12,1,50.0
4940,13,4,3,10.0
4941,5,26,2,80.0
4942,13,32,1,70.0
4943,8,19,2,80.0
4944,16,8,2,90.0
4945,9,14,1,30.0
4946,7,45,1,10.0
4947,15,44,3,90.0
4948,16,26,2,10.0
4949,4,5,3,40.0
4950,8,11,1,20.0
4951,3,41,3,80.0
4952,17,40,2,50.0
4953,15,37,4,20.0
4954,9,7,1,50.0
4955,1,48,1,30.0
4956,9,30,1,70.0
4957,3,25,2,10.0
4958,15,26,1,80.0
4959,15,22,3,20.0
4960,10,9,4,80.0
4961,2,39,4,10.0
4962,4,16,3,50.0
4963,19,46,1,40.0
4964,10,20,3,50.0
4965,10,23,3,60.0
4966,20,3,4,30.0
4967,13,46,2,20.0
4968,8,43,2,30.0
4969,15,6,4,90.0
4970,6,21,2,40.0
4971,3,2,3,80.0
4972,9,38,3,60.0
4973,18,42,1,20.0
4974,9,49,3,80.0
4975,3,24,3,80.0
4976,7,41,4,60.0
4977,14,19,1,60.0
4978,4,25,4,60.0
4979,13,29,4,80.0
4980,11,20,1,30.0
4981,6,22,1,50.0
4982,8,20,3,10.0
4983,14,41,1,30.0
4984,1,24,2,30.0
4985,20,33,2,10.0
4986,5,7,2,90.0
4987,4,12,4,10.0
4988,15,14,3,30.0
4989,19,48,3,80.0
4990,6,44,4,70.0
4991,18,48,2,90.0
4992,2,21,2,30.0
4993,17,22,4,50.0
4994,20,39,2,60.0
4995,18,46,1,20.0
4996,3,6,1,60.0
4997,7,43,4,50.0
4998,20,23,1,30.0
4999,12,41,2,60.0
5000,6,14,1,50.0
